,angry,disgust,fear,happy,sad,surprise,neutral
0,0.04,0.0,0.01,0.85,0.05,0.0,0.05
1,0.03,0.0,0.01,0.86,0.05,0.0,0.05
2,0.02,0.0,0.01,0.91,0.03,0.01,0.02
3,0.05,0.0,0.01,0.88,0.04,0.0,0.02
4,0.02,0.0,0.0,0.94,0.02,0.0,0.01
5,0.03,0.0,0.01,0.94,0.02,0.0,0.01
6,0.03,0.0,0.01,0.87,0.06,0.01,0.02
7,0.01,0.0,0.0,0.94,0.02,0.01,0.01
8,0.05,0.0,0.01,0.84,0.06,0.01,0.03
9,0.06,0.0,0.01,0.84,0.06,0.01,0.02
10,0.02,0.0,0.01,0.94,0.02,0.0,0.01
11,0.04,0.0,0.0,0.93,0.01,0.0,0.01
12,0.07,0.0,0.01,0.87,0.03,0.0,0.01
13,0.03,0.0,0.01,0.89,0.05,0.01,0.02
14,0.05,0.0,0.01,0.84,0.07,0.01,0.02
15,0.04,0.0,0.02,0.83,0.08,0.01,0.02
16,0.0,0.0,0.01,0.89,0.06,0.0,0.04
17,0.01,0.0,0.02,0.85,0.04,0.01,0.06
18,0.01,0.0,0.02,0.92,0.02,0.01,0.03
19,0.01,0.0,0.02,0.87,0.03,0.02,0.05
20,0.02,0.0,0.04,0.83,0.03,0.01,0.07
21,0.06,0.0,0.17,0.51,0.06,0.04,0.15
22,0.17,0.0,0.09,0.54,0.07,0.01,0.12
23,0.1,0.0,0.05,0.71,0.05,0.0,0.08
24,0.01,0.0,0.01,0.9,0.01,0.0,0.06
25,0.0,0.0,0.01,0.91,0.0,0.0,0.07
26,0.0,0.0,0.01,0.92,0.0,0.0,0.07
27,0.0,0.0,0.01,0.87,0.0,0.0,0.11
28,0.0,0.0,0.01,0.74,0.01,0.0,0.23
29,0.01,0.0,0.0,0.67,0.01,0.0,0.3
30,0.01,0.0,0.01,0.75,0.01,0.0,0.23
31,0.01,0.0,0.01,0.76,0.02,0.0,0.2
32,0.01,0.0,0.01,0.64,0.02,0.0,0.32
33,0.01,0.0,0.01,0.7,0.05,0.0,0.22
34,0.02,0.0,0.02,0.65,0.07,0.0,0.24
35,0.03,0.0,0.02,0.57,0.06,0.0,0.32
36,0.02,0.0,0.02,0.46,0.09,0.0,0.41
37,0.02,0.0,0.02,0.46,0.08,0.0,0.41
38,0.02,0.0,0.02,0.38,0.06,0.0,0.51
39,0.03,0.0,0.03,0.31,0.07,0.0,0.56
40,0.01,0.0,0.02,0.3,0.04,0.0,0.63
41,0.01,0.0,0.01,0.42,0.03,0.0,0.53
42,0.01,0.0,0.02,0.38,0.05,0.0,0.54
43,0.02,0.0,0.02,0.39,0.05,0.0,0.53
44,0.01,0.0,0.01,0.54,0.03,0.0,0.4
45,0.01,0.0,0.02,0.38,0.04,0.0,0.56
46,0.01,0.0,0.01,0.46,0.02,0.0,0.49
47,0.01,0.0,0.01,0.54,0.01,0.0,0.42
48,0.01,0.0,0.01,0.37,0.01,0.0,0.61
49,0.01,0.0,0.01,0.47,0.01,0.0,0.51
50,0.0,0.0,0.01,0.47,0.0,0.0,0.51
51,0.01,0.0,0.01,0.56,0.01,0.0,0.41
52,0.01,0.0,0.01,0.59,0.01,0.0,0.38
53,0.02,0.0,0.02,0.33,0.02,0.01,0.61
54,0.02,0.0,0.02,0.29,0.03,0.0,0.63
55,0.04,0.0,0.03,0.18,0.03,0.01,0.72
56,0.02,0.0,0.03,0.25,0.03,0.01,0.66
57,0.02,0.0,0.02,0.3,0.03,0.0,0.63
58,0.03,0.0,0.03,0.23,0.05,0.01,0.65
59,0.03,0.0,0.03,0.23,0.05,0.0,0.65
60,0.02,0.0,0.04,0.37,0.05,0.01,0.51
61,0.04,0.0,0.03,0.33,0.08,0.01,0.51
62,0.04,0.0,0.05,0.31,0.08,0.01,0.5
63,0.03,0.0,0.04,0.49,0.06,0.01,0.37
64,0.01,0.0,0.01,0.71,0.03,0.0,0.24
65,0.02,0.0,0.02,0.81,0.04,0.0,0.12
66,0.07,0.0,0.04,0.73,0.07,0.0,0.09
67,0.06,0.0,0.02,0.81,0.04,0.0,0.07
68,0.11,0.0,0.08,0.61,0.12,0.0,0.08
69,0.07,0.0,0.03,0.82,0.03,0.0,0.04
70,0.12,0.0,0.05,0.75,0.06,0.0,0.03
71,0.23,0.0,0.07,0.62,0.06,0.0,0.02
72,0.23,0.0,0.07,0.61,0.05,0.01,0.02
73,0.25,0.0,0.07,0.58,0.06,0.01,0.01
74,0.44,0.01,0.06,0.42,0.06,0.0,0.01
75,0.21,0.0,0.05,0.65,0.06,0.01,0.02
76,0.03,0.0,0.01,0.94,0.01,0.0,0.01
77,0.08,0.0,0.03,0.75,0.07,0.01,0.06
78,0.02,0.0,0.01,0.9,0.01,0.02,0.04
79,0.02,0.0,0.01,0.88,0.02,0.02,0.05
80,0.03,0.0,0.08,0.6,0.06,0.05,0.17
81,0.03,0.0,0.05,0.66,0.05,0.03,0.18
82,0.05,0.0,0.05,0.68,0.05,0.03,0.14
83,0.06,0.0,0.11,0.56,0.06,0.06,0.15
84,0.05,0.0,0.06,0.58,0.06,0.05,0.2
85,0.06,0.0,0.08,0.49,0.06,0.04,0.27
86,0.05,0.0,0.13,0.49,0.07,0.07,0.2
87,0.04,0.0,0.13,0.4,0.09,0.05,0.29
88,0.03,0.0,0.05,0.43,0.07,0.02,0.39
89,0.03,0.0,0.1,0.42,0.09,0.03,0.33
90,0.03,0.0,0.11,0.42,0.09,0.02,0.33
91,0.04,0.0,0.08,0.34,0.11,0.03,0.4
92,0.06,0.0,0.08,0.3,0.14,0.02,0.39
93,0.04,0.0,0.11,0.43,0.12,0.03,0.28
94,0.06,0.0,0.11,0.36,0.11,0.03,0.33
95,0.06,0.0,0.15,0.28,0.13,0.03,0.36
96,0.03,0.0,0.1,0.3,0.12,0.03,0.41
97,0.05,0.0,0.1,0.29,0.11,0.01,0.44
98,0.05,0.0,0.16,0.1,0.26,0.02,0.4
99,0.04,0.0,0.07,0.33,0.14,0.01,0.41
100,0.07,0.0,0.04,0.39,0.09,0.01,0.39
101,0.06,0.0,0.14,0.17,0.22,0.03,0.38
102,0.04,0.0,0.12,0.02,0.57,0.0,0.26
103,0.05,0.0,0.1,0.01,0.63,0.0,0.21
104,0.05,0.0,0.18,0.07,0.42,0.0,0.27
105,0.11,0.0,0.16,0.06,0.41,0.0,0.26
106,0.14,0.0,0.15,0.04,0.48,0.0,0.2
107,0.11,0.0,0.13,0.02,0.56,0.0,0.16
108,0.04,0.0,0.07,0.22,0.27,0.0,0.39
109,0.05,0.0,0.06,0.65,0.06,0.02,0.17
110,0.1,0.0,0.16,0.13,0.15,0.02,0.45
111,0.05,0.0,0.15,0.16,0.16,0.02,0.46
112,0.06,0.0,0.13,0.26,0.15,0.03,0.37
113,0.05,0.0,0.17,0.2,0.18,0.04,0.36
114,0.03,0.0,0.03,0.59,0.06,0.01,0.27
115,0.08,0.0,0.09,0.36,0.1,0.05,0.32
116,0.12,0.0,0.2,0.08,0.16,0.17,0.27
117,0.19,0.0,0.2,0.06,0.2,0.24,0.1
118,0.04,0.0,0.19,0.02,0.07,0.58,0.09
119,0.07,0.01,0.22,0.04,0.16,0.4,0.11
120,0.08,0.0,0.14,0.11,0.09,0.41,0.17
121,0.06,0.0,0.17,0.05,0.08,0.56,0.09
122,0.07,0.0,0.19,0.09,0.16,0.32,0.18
123,0.08,0.0,0.12,0.03,0.18,0.39,0.2
124,0.05,0.0,0.12,0.03,0.19,0.33,0.27
125,0.06,0.0,0.12,0.02,0.22,0.13,0.45
126,0.1,0.0,0.1,0.04,0.21,0.21,0.34
127,0.07,0.0,0.23,0.06,0.24,0.17,0.23
128,0.06,0.0,0.12,0.07,0.22,0.13,0.4
129,0.07,0.0,0.11,0.14,0.2,0.07,0.41
130,0.05,0.0,0.08,0.03,0.13,0.21,0.5
131,0.08,0.0,0.14,0.01,0.24,0.17,0.36
132,0.05,0.0,0.04,0.05,0.15,0.05,0.67
133,0.04,0.0,0.11,0.01,0.19,0.2,0.44
134,0.07,0.0,0.13,0.02,0.11,0.19,0.48
135,0.09,0.0,0.11,0.04,0.23,0.14,0.4
136,0.05,0.0,0.13,0.01,0.22,0.12,0.47
137,0.06,0.0,0.12,0.01,0.22,0.1,0.48
138,0.09,0.0,0.14,0.01,0.19,0.37,0.19
139,0.07,0.0,0.12,0.05,0.09,0.37,0.29
140,0.08,0.0,0.16,0.03,0.29,0.12,0.31
141,0.05,0.0,0.09,0.07,0.12,0.23,0.45
142,0.06,0.0,0.17,0.06,0.29,0.12,0.29
143,0.03,0.0,0.2,0.02,0.43,0.01,0.31
144,0.04,0.0,0.13,0.07,0.21,0.04,0.51
145,0.04,0.0,0.06,0.07,0.26,0.03,0.53
146,0.05,0.0,0.03,0.04,0.16,0.03,0.68
147,0.08,0.0,0.06,0.1,0.14,0.12,0.5
148,0.09,0.0,0.15,0.06,0.19,0.16,0.35
149,0.11,0.0,0.16,0.08,0.16,0.26,0.23
150,0.07,0.0,0.09,0.22,0.06,0.39,0.17
151,0.06,0.0,0.09,0.25,0.07,0.27,0.25
152,0.06,0.0,0.12,0.28,0.05,0.27,0.22
153,0.05,0.0,0.14,0.28,0.04,0.36,0.14
154,0.04,0.0,0.15,0.21,0.06,0.31,0.24
155,0.02,0.0,0.1,0.16,0.08,0.08,0.56
156,0.03,0.0,0.13,0.13,0.12,0.15,0.46
157,0.03,0.0,0.22,0.12,0.1,0.31,0.22
158,0.04,0.0,0.23,0.08,0.16,0.18,0.32
159,0.02,0.0,0.17,0.05,0.11,0.38,0.27
160,0.05,0.0,0.13,0.03,0.21,0.15,0.44
161,0.04,0.0,0.17,0.02,0.21,0.31,0.25
162,0.03,0.0,0.15,0.02,0.09,0.6,0.1
163,0.04,0.0,0.2,0.05,0.14,0.4,0.17
164,0.05,0.0,0.16,0.16,0.08,0.31,0.23
165,0.05,0.0,0.13,0.11,0.1,0.38,0.22
166,0.04,0.0,0.13,0.09,0.11,0.41,0.22
167,0.04,0.0,0.09,0.09,0.09,0.39,0.29
168,0.04,0.0,0.14,0.05,0.12,0.24,0.41
169,0.03,0.0,0.13,0.14,0.13,0.15,0.41
170,0.02,0.0,0.12,0.16,0.08,0.38,0.24
171,0.03,0.0,0.16,0.23,0.06,0.36,0.17
172,0.06,0.0,0.19,0.12,0.13,0.33,0.17
173,0.04,0.0,0.17,0.1,0.17,0.26,0.25
174,0.04,0.0,0.18,0.07,0.13,0.35,0.23
175,0.05,0.0,0.24,0.1,0.13,0.26,0.22
176,0.04,0.0,0.22,0.13,0.12,0.25,0.24
177,0.04,0.0,0.26,0.14,0.11,0.22,0.23
178,0.06,0.0,0.2,0.17,0.09,0.18,0.3
179,0.04,0.0,0.19,0.23,0.09,0.12,0.32
180,0.05,0.0,0.19,0.06,0.13,0.05,0.52
181,0.09,0.0,0.1,0.04,0.21,0.03,0.53
182,0.1,0.0,0.14,0.03,0.28,0.01,0.43
183,0.07,0.0,0.06,0.05,0.18,0.01,0.63
184,0.09,0.0,0.03,0.06,0.16,0.01,0.65
185,0.08,0.0,0.02,0.02,0.18,0.0,0.68
186,0.08,0.0,0.02,0.06,0.1,0.0,0.74
187,0.05,0.0,0.02,0.06,0.09,0.0,0.77
188,0.08,0.0,0.02,0.03,0.07,0.0,0.81
189,0.05,0.0,0.02,0.06,0.07,0.0,0.81
190,0.07,0.0,0.02,0.07,0.08,0.0,0.76
191,0.03,0.0,0.02,0.03,0.07,0.0,0.84
192,0.05,0.0,0.01,0.05,0.07,0.0,0.81
193,0.05,0.0,0.02,0.04,0.07,0.0,0.82
194,0.06,0.0,0.02,0.04,0.08,0.0,0.8
195,0.06,0.0,0.03,0.04,0.09,0.0,0.78
196,0.09,0.0,0.03,0.04,0.11,0.0,0.73
197,0.04,0.0,0.02,0.04,0.06,0.0,0.84
198,0.06,0.0,0.02,0.02,0.08,0.0,0.82
199,0.07,0.0,0.05,0.03,0.13,0.0,0.71
200,0.04,0.0,0.03,0.07,0.09,0.01,0.76
201,0.06,0.0,0.03,0.12,0.1,0.0,0.68
202,0.12,0.0,0.05,0.04,0.15,0.01,0.64
203,0.05,0.0,0.02,0.07,0.1,0.01,0.75
204,0.1,0.0,0.02,0.12,0.09,0.0,0.67
205,0.11,0.0,0.04,0.05,0.17,0.01,0.62
206,0.08,0.0,0.04,0.07,0.15,0.02,0.65
207,0.1,0.0,0.03,0.08,0.1,0.01,0.68
208,0.08,0.0,0.02,0.03,0.12,0.0,0.75
209,0.07,0.0,0.03,0.03,0.14,0.01,0.72
210,0.09,0.0,0.02,0.02,0.09,0.0,0.77
211,0.02,0.0,0.02,0.01,0.08,0.0,0.86
212,0.06,0.0,0.01,0.04,0.07,0.0,0.81
213,0.06,0.0,0.03,0.02,0.11,0.0,0.78
214,0.04,0.0,0.02,0.02,0.12,0.0,0.79
215,0.05,0.0,0.02,0.04,0.12,0.01,0.77
216,0.14,0.0,0.03,0.05,0.13,0.01,0.65
217,0.08,0.0,0.01,0.02,0.08,0.0,0.79
218,0.08,0.0,0.03,0.04,0.12,0.0,0.73
219,0.07,0.0,0.02,0.03,0.11,0.0,0.78
220,0.04,0.0,0.01,0.05,0.07,0.0,0.82
221,0.07,0.0,0.02,0.05,0.13,0.0,0.72
222,0.07,0.0,0.02,0.06,0.09,0.0,0.76
223,0.05,0.0,0.03,0.12,0.11,0.0,0.69
224,0.08,0.0,0.02,0.1,0.09,0.0,0.71
225,0.1,0.0,0.02,0.09,0.1,0.0,0.69
226,0.08,0.0,0.02,0.07,0.09,0.0,0.73
227,0.08,0.0,0.02,0.16,0.09,0.0,0.65
228,0.11,0.0,0.03,0.08,0.1,0.0,0.68
229,0.08,0.0,0.03,0.1,0.09,0.0,0.7
230,0.1,0.0,0.02,0.12,0.1,0.0,0.66
231,0.12,0.0,0.03,0.08,0.12,0.0,0.65
232,0.07,0.0,0.03,0.08,0.13,0.0,0.68
233,0.05,0.0,0.02,0.09,0.06,0.0,0.78
234,0.06,0.0,0.03,0.13,0.08,0.0,0.69
235,0.04,0.0,0.03,0.09,0.06,0.0,0.78
236,0.06,0.0,0.03,0.09,0.08,0.0,0.73
237,0.08,0.0,0.05,0.16,0.1,0.01,0.6
238,0.04,0.0,0.05,0.07,0.08,0.0,0.77
239,0.06,0.0,0.05,0.09,0.1,0.0,0.7
240,0.04,0.0,0.06,0.13,0.08,0.01,0.69
241,0.07,0.0,0.08,0.09,0.12,0.01,0.63
242,0.08,0.0,0.04,0.09,0.06,0.0,0.73
243,0.06,0.0,0.08,0.09,0.07,0.01,0.69
244,0.14,0.0,0.11,0.07,0.15,0.01,0.52
245,0.06,0.0,0.04,0.11,0.05,0.0,0.74
246,0.15,0.0,0.09,0.11,0.12,0.01,0.52
247,0.08,0.0,0.06,0.12,0.07,0.01,0.66
248,0.09,0.0,0.03,0.18,0.06,0.0,0.64
249,0.07,0.0,0.08,0.1,0.1,0.01,0.64
250,0.04,0.0,0.04,0.24,0.05,0.0,0.63
251,0.05,0.0,0.02,0.17,0.05,0.0,0.71
252,0.05,0.0,0.03,0.2,0.06,0.0,0.66
253,0.09,0.0,0.05,0.12,0.07,0.0,0.67
254,0.06,0.0,0.04,0.21,0.07,0.0,0.62
255,0.06,0.0,0.07,0.28,0.05,0.01,0.53
256,0.04,0.0,0.02,0.59,0.02,0.0,0.32
257,0.03,0.0,0.03,0.65,0.02,0.01,0.27
258,0.01,0.0,0.01,0.9,0.01,0.0,0.07
259,0.01,0.0,0.0,0.98,0.0,0.0,0.01
260,0.04,0.0,0.01,0.88,0.01,0.01,0.05
261,0.09,0.0,0.01,0.84,0.01,0.01,0.03
262,0.09,0.0,0.01,0.87,0.01,0.0,0.02
263,0.07,0.0,0.01,0.88,0.01,0.01,0.03
264,0.03,0.0,0.01,0.94,0.0,0.0,0.02
265,0.03,0.0,0.0,0.95,0.0,0.0,0.01
266,0.04,0.0,0.0,0.94,0.0,0.01,0.01
267,0.11,0.0,0.01,0.87,0.0,0.0,0.01
268,0.07,0.0,0.0,0.91,0.0,0.0,0.01
269,0.06,0.0,0.01,0.92,0.0,0.0,0.01
270,0.03,0.0,0.01,0.95,0.0,0.0,0.01
271,0.11,0.0,0.01,0.85,0.01,0.0,0.01
272,0.05,0.0,0.0,0.94,0.0,0.0,0.01
273,0.03,0.0,0.0,0.96,0.0,0.0,0.0
274,0.01,0.0,0.0,0.98,0.0,0.0,0.0
275,0.05,0.0,0.0,0.93,0.0,0.0,0.01
276,0.17,0.0,0.02,0.78,0.01,0.0,0.01
277,0.07,0.0,0.01,0.91,0.0,0.0,0.01
278,0.12,0.0,0.01,0.84,0.01,0.01,0.01
279,0.03,0.0,0.0,0.97,0.0,0.0,0.0
280,0.04,0.0,0.0,0.95,0.0,0.0,0.0
281,0.06,0.0,0.0,0.93,0.0,0.0,0.0
282,0.06,0.0,0.0,0.93,0.0,0.0,0.0
283,0.08,0.0,0.0,0.9,0.0,0.01,0.0
284,0.07,0.0,0.01,0.91,0.0,0.0,0.01
285,0.04,0.0,0.0,0.94,0.0,0.0,0.01
286,0.04,0.0,0.0,0.94,0.0,0.0,0.01
287,0.04,0.0,0.0,0.94,0.0,0.01,0.0
288,0.01,0.0,0.0,0.99,0.0,0.0,0.0
289,0.13,0.0,0.01,0.83,0.01,0.01,0.01
290,0.03,0.0,0.0,0.96,0.0,0.0,0.0
291,0.06,0.0,0.0,0.92,0.0,0.0,0.0
292,0.08,0.0,0.01,0.89,0.01,0.01,0.01
293,0.04,0.0,0.0,0.95,0.0,0.0,0.0
294,0.03,0.0,0.0,0.95,0.0,0.01,0.01
295,0.04,0.0,0.0,0.94,0.0,0.01,0.01
296,0.04,0.0,0.01,0.94,0.0,0.0,0.01
297,0.02,0.0,0.0,0.96,0.0,0.0,0.01
298,0.03,0.0,0.0,0.93,0.01,0.0,0.02
299,0.09,0.0,0.01,0.88,0.01,0.01,0.01
300,0.1,0.0,0.01,0.88,0.0,0.01,0.0
301,0.08,0.0,0.01,0.89,0.01,0.01,0.01
302,0.1,0.0,0.01,0.87,0.01,0.01,0.0
303,0.05,0.0,0.0,0.94,0.0,0.0,0.0
304,0.05,0.0,0.0,0.93,0.0,0.01,0.01
305,0.0,0.0,0.0,0.99,0.0,0.0,0.0
306,0.01,0.0,0.0,0.98,0.0,0.0,0.0
307,0.0,0.0,0.0,0.99,0.0,0.0,0.0
308,0.0,0.0,0.0,0.99,0.0,0.0,0.0
309,0.0,0.0,0.0,0.99,0.0,0.01,0.0
310,0.0,0.0,0.0,0.99,0.0,0.01,0.0
311,0.0,0.0,0.0,0.99,0.0,0.01,0.0
312,0.0,0.0,0.0,0.99,0.0,0.0,0.0
313,0.0,0.0,0.0,0.99,0.0,0.0,0.0
314,0.0,0.0,0.0,0.99,0.0,0.0,0.0
315,0.0,0.0,0.0,0.99,0.0,0.01,0.0
316,0.0,0.0,0.0,0.99,0.0,0.01,0.0
317,0.0,0.0,0.0,0.99,0.0,0.0,0.0
318,0.0,0.0,0.0,0.99,0.0,0.0,0.0
319,0.0,0.0,0.0,0.99,0.0,0.01,0.0
320,0.0,0.0,0.0,0.99,0.0,0.0,0.0
321,0.0,0.0,0.0,0.99,0.0,0.0,0.0
322,0.0,0.0,0.0,1.0,0.0,0.0,0.0
323,0.0,0.0,0.0,1.0,0.0,0.0,0.0
324,0.0,0.0,0.0,0.99,0.0,0.01,0.0
325,0.0,0.0,0.0,1.0,0.0,0.0,0.0
326,0.0,0.0,0.0,0.99,0.0,0.0,0.0
327,0.0,0.0,0.0,0.99,0.0,0.0,0.0
328,0.0,0.0,0.0,1.0,0.0,0.0,0.0
329,0.0,0.0,0.0,0.99,0.0,0.0,0.0
330,0.0,0.0,0.0,0.99,0.0,0.0,0.0
331,0.0,0.0,0.0,0.99,0.0,0.0,0.0
332,0.0,0.0,0.0,0.99,0.0,0.0,0.0
333,0.0,0.0,0.0,0.98,0.0,0.01,0.01
334,0.0,0.0,0.0,0.99,0.0,0.0,0.0
335,0.0,0.0,0.0,0.99,0.0,0.0,0.0
336,0.0,0.0,0.0,0.99,0.0,0.01,0.0
337,0.0,0.0,0.0,0.99,0.0,0.0,0.0
338,0.0,0.0,0.0,0.99,0.0,0.0,0.0
339,0.0,0.0,0.0,0.99,0.0,0.0,0.0
340,0.0,0.0,0.0,1.0,0.0,0.0,0.0
341,0.0,0.0,0.0,1.0,0.0,0.0,0.0
342,0.0,0.0,0.0,0.99,0.0,0.0,0.0
343,0.0,0.0,0.0,0.99,0.0,0.0,0.0
344,0.0,0.0,0.0,0.99,0.0,0.01,0.0
345,0.0,0.0,0.0,0.99,0.0,0.01,0.0
346,0.0,0.0,0.0,0.99,0.0,0.0,0.0
347,0.0,0.0,0.0,0.99,0.0,0.0,0.0
348,0.0,0.0,0.0,0.99,0.0,0.01,0.0
349,0.0,0.0,0.0,0.99,0.0,0.0,0.0
350,0.0,0.0,0.0,0.98,0.0,0.01,0.0
351,0.0,0.0,0.0,0.99,0.0,0.0,0.0
352,0.0,0.0,0.0,0.99,0.0,0.0,0.0
353,0.0,0.0,0.0,0.99,0.0,0.0,0.0
354,0.0,0.0,0.0,0.99,0.0,0.0,0.0
355,0.0,0.0,0.0,0.99,0.0,0.0,0.0
356,0.0,0.0,0.0,0.99,0.0,0.01,0.0
357,0.0,0.0,0.0,0.99,0.0,0.0,0.0
358,0.0,0.0,0.0,0.99,0.0,0.0,0.0
359,0.0,0.0,0.0,0.99,0.0,0.01,0.0
360,0.0,0.0,0.0,0.99,0.0,0.0,0.0
361,0.0,0.0,0.0,0.98,0.0,0.01,0.0
362,0.0,0.0,0.0,0.98,0.0,0.02,0.0
363,0.0,0.0,0.0,0.99,0.0,0.0,0.0
364,0.0,0.0,0.0,0.99,0.0,0.0,0.0
365,0.0,0.0,0.0,0.99,0.0,0.01,0.0
366,0.0,0.0,0.0,0.99,0.0,0.0,0.01
367,0.0,0.0,0.0,0.99,0.0,0.0,0.0
368,0.0,0.0,0.0,0.99,0.0,0.0,0.0
369,0.0,0.0,0.0,0.99,0.0,0.0,0.0
370,0.0,0.0,0.0,0.99,0.0,0.0,0.0
371,0.0,0.0,0.0,0.99,0.0,0.0,0.0
372,0.0,0.0,0.0,0.99,0.0,0.0,0.0
373,0.0,0.0,0.0,0.99,0.0,0.01,0.0
374,0.0,0.0,0.0,0.99,0.0,0.01,0.0
375,0.0,0.0,0.0,0.99,0.0,0.0,0.0
376,0.0,0.0,0.0,0.99,0.0,0.0,0.0
377,0.0,0.0,0.0,0.99,0.0,0.0,0.0
378,0.0,0.0,0.0,1.0,0.0,0.0,0.0
379,0.0,0.0,0.0,0.99,0.0,0.01,0.0
380,0.0,0.0,0.0,1.0,0.0,0.0,0.0
381,0.0,0.0,0.0,0.99,0.0,0.0,0.0
382,0.0,0.0,0.0,1.0,0.0,0.0,0.0
383,0.0,0.0,0.0,0.99,0.0,0.01,0.0
384,0.0,0.0,0.0,1.0,0.0,0.0,0.0
385,0.0,0.0,0.0,0.99,0.0,0.0,0.0
386,0.0,0.0,0.0,0.99,0.0,0.0,0.0
387,0.0,0.0,0.0,0.99,0.0,0.01,0.0
388,0.0,0.0,0.0,0.99,0.0,0.01,0.0
389,0.0,0.0,0.0,1.0,0.0,0.0,0.0
390,0.0,0.0,0.0,0.99,0.0,0.0,0.0
391,0.0,0.0,0.0,0.99,0.0,0.0,0.0
392,0.0,0.0,0.0,1.0,0.0,0.0,0.0
393,0.0,0.0,0.0,0.99,0.0,0.0,0.0
394,0.0,0.0,0.0,0.99,0.0,0.01,0.0
395,0.0,0.0,0.0,0.99,0.0,0.0,0.0
396,0.0,0.0,0.0,0.99,0.0,0.0,0.0
397,0.0,0.0,0.0,0.99,0.0,0.0,0.0
398,0.0,0.0,0.0,1.0,0.0,0.0,0.0
399,0.0,0.0,0.0,0.99,0.0,0.0,0.0
400,0.0,0.0,0.0,0.99,0.0,0.0,0.0
401,0.0,0.0,0.0,1.0,0.0,0.0,0.0
402,0.0,0.0,0.0,1.0,0.0,0.0,0.0
403,0.0,0.0,0.0,1.0,0.0,0.0,0.0
404,0.0,0.0,0.0,0.99,0.0,0.0,0.0
405,0.0,0.0,0.0,0.99,0.0,0.0,0.0
406,0.0,0.0,0.0,0.99,0.0,0.0,0.0
407,0.0,0.0,0.0,0.99,0.0,0.0,0.0
408,0.0,0.0,0.0,0.99,0.0,0.01,0.0
409,0.0,0.0,0.0,0.99,0.0,0.0,0.0
410,0.0,0.0,0.0,0.99,0.0,0.0,0.0
411,0.0,0.0,0.0,0.99,0.0,0.0,0.0
412,0.0,0.0,0.0,0.99,0.0,0.0,0.0
413,0.0,0.0,0.0,0.99,0.0,0.0,0.0
414,0.0,0.0,0.0,0.98,0.0,0.01,0.0
415,0.0,0.0,0.0,0.99,0.0,0.01,0.0
416,0.0,0.0,0.0,0.97,0.0,0.01,0.01
417,0.01,0.0,0.0,0.94,0.0,0.01,0.03
418,0.0,0.0,0.0,0.97,0.0,0.01,0.01
419,0.01,0.0,0.01,0.95,0.0,0.01,0.01
420,0.01,0.0,0.01,0.93,0.0,0.02,0.03
421,0.01,0.0,0.0,0.93,0.0,0.03,0.03
422,0.02,0.0,0.03,0.83,0.02,0.05,0.05
423,0.03,0.0,0.05,0.63,0.07,0.02,0.2
424,0.04,0.0,0.08,0.54,0.08,0.02,0.24
425,0.06,0.0,0.09,0.38,0.11,0.01,0.35
426,0.05,0.0,0.15,0.22,0.11,0.01,0.46
427,0.13,0.0,0.13,0.22,0.14,0.01,0.37
428,0.13,0.0,0.13,0.4,0.13,0.01,0.18
429,0.06,0.0,0.12,0.33,0.11,0.02,0.37
430,0.05,0.0,0.05,0.45,0.08,0.02,0.35
431,0.07,0.0,0.15,0.23,0.14,0.02,0.38
432,0.08,0.0,0.18,0.12,0.18,0.0,0.42
433,0.08,0.0,0.08,0.3,0.07,0.01,0.47
434,0.1,0.0,0.1,0.33,0.11,0.01,0.34
435,0.06,0.0,0.12,0.21,0.14,0.01,0.46
436,0.12,0.0,0.15,0.19,0.17,0.02,0.35
437,0.08,0.0,0.14,0.24,0.16,0.04,0.35
438,0.04,0.0,0.08,0.55,0.06,0.03,0.23
439,0.09,0.0,0.13,0.29,0.13,0.04,0.33
440,0.11,0.0,0.17,0.3,0.16,0.03,0.22
441,0.12,0.0,0.16,0.19,0.2,0.06,0.28
442,0.14,0.0,0.18,0.13,0.22,0.05,0.28
443,0.09,0.0,0.14,0.2,0.13,0.04,0.4
444,0.09,0.0,0.14,0.17,0.16,0.06,0.38
445,0.07,0.0,0.1,0.42,0.08,0.1,0.23
446,0.06,0.0,0.1,0.35,0.08,0.04,0.37
447,0.06,0.0,0.13,0.42,0.07,0.07,0.25
448,0.07,0.0,0.08,0.57,0.07,0.02,0.2
449,0.05,0.0,0.07,0.57,0.06,0.03,0.22
450,0.06,0.0,0.07,0.67,0.05,0.02,0.14
451,0.07,0.0,0.07,0.58,0.06,0.03,0.18
452,0.04,0.0,0.06,0.66,0.05,0.05,0.14
453,0.05,0.0,0.07,0.55,0.06,0.03,0.23
454,0.09,0.0,0.12,0.43,0.09,0.06,0.21
455,0.07,0.0,0.2,0.2,0.12,0.04,0.37
456,0.09,0.0,0.09,0.51,0.06,0.04,0.21
457,0.09,0.0,0.14,0.37,0.07,0.04,0.29
458,0.06,0.0,0.17,0.31,0.08,0.02,0.35
459,0.04,0.0,0.05,0.76,0.02,0.04,0.09
460,0.09,0.0,0.12,0.38,0.07,0.03,0.32
461,0.05,0.0,0.12,0.41,0.06,0.03,0.33
462,0.05,0.0,0.04,0.72,0.02,0.06,0.11
463,0.05,0.0,0.05,0.64,0.03,0.05,0.19
464,0.03,0.0,0.06,0.71,0.03,0.05,0.13
465,0.05,0.0,0.07,0.64,0.04,0.07,0.14
466,0.04,0.0,0.08,0.7,0.04,0.05,0.09
467,0.03,0.0,0.05,0.8,0.02,0.03,0.07
468,0.04,0.0,0.04,0.78,0.02,0.03,0.09
469,0.02,0.0,0.03,0.84,0.01,0.04,0.06
470,0.01,0.0,0.02,0.85,0.01,0.03,0.07
471,0.02,0.0,0.04,0.73,0.02,0.04,0.14
472,0.03,0.0,0.05,0.71,0.02,0.11,0.08
473,0.04,0.0,0.07,0.7,0.02,0.07,0.1
474,0.03,0.0,0.03,0.79,0.01,0.08,0.05
475,0.01,0.0,0.03,0.73,0.01,0.14,0.07
476,0.01,0.0,0.01,0.92,0.0,0.03,0.03
477,0.01,0.0,0.01,0.89,0.0,0.06,0.03
478,0.01,0.0,0.01,0.92,0.0,0.04,0.03
479,0.0,0.0,0.0,0.95,0.0,0.02,0.01
480,0.01,0.0,0.0,0.98,0.0,0.01,0.0
481,0.01,0.0,0.0,0.98,0.0,0.01,0.01
482,0.0,0.0,0.0,0.99,0.0,0.0,0.01
483,0.0,0.0,0.0,0.98,0.0,0.0,0.01
484,0.01,0.0,0.0,0.98,0.0,0.0,0.01
485,0.0,0.0,0.0,0.99,0.0,0.0,0.01
486,0.01,0.0,0.01,0.96,0.0,0.0,0.01
487,0.01,0.0,0.01,0.97,0.0,0.0,0.01
488,0.01,0.0,0.0,0.97,0.0,0.01,0.01
489,0.01,0.0,0.01,0.96,0.0,0.01,0.01
490,0.0,0.0,0.0,0.98,0.0,0.01,0.0
491,0.0,0.0,0.0,0.99,0.0,0.0,0.0
492,0.01,0.0,0.01,0.96,0.01,0.01,0.01
493,0.01,0.0,0.0,0.97,0.0,0.01,0.01
494,0.0,0.0,0.0,0.98,0.0,0.01,0.01
495,0.0,0.0,0.0,0.97,0.0,0.01,0.01
496,0.0,0.0,0.0,0.98,0.0,0.01,0.01
497,0.0,0.0,0.0,0.98,0.0,0.01,0.0
498,0.0,0.0,0.0,0.97,0.0,0.01,0.01
499,0.0,0.0,0.0,0.99,0.0,0.0,0.0
500,0.0,0.0,0.01,0.98,0.0,0.01,0.0
501,0.0,0.0,0.0,0.98,0.0,0.01,0.0
502,0.0,0.0,0.0,0.99,0.0,0.0,0.0
503,0.01,0.0,0.01,0.96,0.0,0.01,0.01
504,0.01,0.0,0.01,0.96,0.0,0.02,0.0
505,0.0,0.0,0.0,0.99,0.0,0.01,0.0
506,0.0,0.0,0.0,0.99,0.0,0.0,0.0
507,0.0,0.0,0.0,0.98,0.0,0.01,0.01
508,0.0,0.0,0.0,1.0,0.0,0.0,0.0
509,0.01,0.0,0.01,0.97,0.0,0.01,0.01
510,0.01,0.0,0.01,0.97,0.0,0.01,0.0
511,0.01,0.0,0.01,0.97,0.0,0.01,0.0
512,0.01,0.0,0.0,0.98,0.0,0.01,0.0
513,0.0,0.0,0.0,0.98,0.0,0.01,0.0
514,0.0,0.0,0.0,0.99,0.0,0.0,0.0
515,0.0,0.0,0.0,0.98,0.0,0.01,0.0
516,0.01,0.0,0.01,0.96,0.0,0.01,0.01
517,0.01,0.0,0.01,0.96,0.0,0.02,0.01
518,0.01,0.0,0.01,0.96,0.0,0.02,0.01
519,0.01,0.0,0.01,0.95,0.0,0.02,0.01
520,0.0,0.0,0.0,0.97,0.0,0.01,0.01
521,0.01,0.0,0.01,0.97,0.0,0.02,0.0
522,0.02,0.0,0.02,0.91,0.01,0.02,0.02
523,0.01,0.0,0.01,0.96,0.0,0.01,0.01
524,0.01,0.0,0.01,0.96,0.0,0.02,0.01
525,0.01,0.0,0.01,0.95,0.0,0.02,0.01
526,0.01,0.0,0.01,0.96,0.0,0.02,0.0
527,0.01,0.0,0.01,0.94,0.0,0.03,0.01
528,0.03,0.0,0.02,0.87,0.01,0.04,0.02
529,0.01,0.0,0.01,0.94,0.0,0.02,0.01
530,0.01,0.0,0.01,0.93,0.0,0.03,0.02
531,0.01,0.0,0.01,0.93,0.0,0.04,0.01
532,0.01,0.0,0.0,0.96,0.0,0.03,0.01
533,0.01,0.0,0.01,0.93,0.0,0.04,0.01
534,0.01,0.0,0.01,0.96,0.0,0.02,0.01
535,0.01,0.0,0.01,0.95,0.0,0.03,0.01
536,0.01,0.0,0.01,0.94,0.0,0.04,0.0
537,0.01,0.0,0.01,0.96,0.0,0.01,0.01
538,0.01,0.0,0.01,0.94,0.0,0.03,0.01
539,0.01,0.0,0.01,0.93,0.0,0.04,0.01
540,0.01,0.0,0.01,0.96,0.0,0.02,0.01
541,0.02,0.0,0.01,0.93,0.0,0.03,0.01
542,0.01,0.0,0.01,0.93,0.0,0.03,0.01
543,0.01,0.0,0.01,0.93,0.0,0.03,0.01
544,0.04,0.0,0.03,0.87,0.01,0.04,0.01
545,0.01,0.0,0.01,0.94,0.0,0.03,0.01
546,0.01,0.0,0.01,0.91,0.0,0.04,0.01
547,0.01,0.0,0.01,0.94,0.0,0.03,0.01
548,0.01,0.0,0.01,0.94,0.0,0.04,0.0
549,0.01,0.0,0.01,0.95,0.0,0.03,0.01
550,0.02,0.0,0.02,0.86,0.01,0.06,0.03
551,0.02,0.0,0.02,0.85,0.01,0.07,0.02
552,0.01,0.0,0.0,0.96,0.0,0.02,0.0
553,0.01,0.0,0.01,0.94,0.0,0.04,0.01
554,0.03,0.0,0.01,0.92,0.0,0.02,0.01
555,0.02,0.0,0.01,0.91,0.0,0.04,0.01
556,0.02,0.0,0.02,0.8,0.01,0.14,0.01
557,0.02,0.0,0.03,0.87,0.01,0.06,0.01
558,0.01,0.0,0.01,0.9,0.0,0.05,0.02
559,0.03,0.0,0.04,0.75,0.01,0.13,0.03
560,0.03,0.0,0.03,0.85,0.01,0.05,0.02
561,0.03,0.0,0.03,0.85,0.01,0.04,0.04
562,0.01,0.0,0.02,0.89,0.0,0.06,0.02
563,0.03,0.0,0.06,0.72,0.03,0.07,0.09
564,0.08,0.0,0.17,0.06,0.27,0.01,0.41
565,0.08,0.0,0.2,0.01,0.24,0.03,0.44
566,0.09,0.0,0.22,0.04,0.23,0.06,0.37
567,0.09,0.0,0.2,0.15,0.13,0.06,0.38
568,0.09,0.0,0.26,0.29,0.1,0.11,0.16
569,0.07,0.0,0.1,0.51,0.08,0.06,0.18
570,0.06,0.0,0.09,0.22,0.09,0.01,0.52
571,0.04,0.0,0.1,0.09,0.09,0.01,0.68
572,0.05,0.0,0.18,0.03,0.19,0.02,0.54
573,0.06,0.0,0.26,0.01,0.26,0.06,0.35
574,0.09,0.0,0.22,0.03,0.13,0.08,0.44
575,0.12,0.0,0.22,0.12,0.13,0.04,0.38
576,0.12,0.0,0.18,0.34,0.07,0.12,0.17
577,0.12,0.0,0.18,0.18,0.09,0.2,0.24
578,0.18,0.0,0.25,0.11,0.14,0.13,0.19
579,0.11,0.0,0.13,0.24,0.06,0.16,0.3
580,0.1,0.0,0.2,0.06,0.09,0.16,0.4
581,0.08,0.0,0.16,0.12,0.09,0.03,0.51
582,0.06,0.0,0.13,0.04,0.1,0.01,0.66
583,0.1,0.0,0.12,0.03,0.14,0.02,0.59
584,0.09,0.0,0.1,0.11,0.12,0.03,0.55
585,0.1,0.0,0.18,0.05,0.11,0.06,0.5
586,0.09,0.0,0.21,0.06,0.14,0.12,0.38
587,0.08,0.0,0.16,0.2,0.08,0.04,0.43
588,0.09,0.0,0.25,0.1,0.11,0.12,0.32
589,0.12,0.0,0.14,0.24,0.07,0.1,0.33
590,0.07,0.0,0.09,0.55,0.04,0.07,0.19
591,0.07,0.0,0.16,0.33,0.05,0.12,0.26
592,0.05,0.0,0.08,0.61,0.04,0.07,0.16
593,0.04,0.0,0.06,0.59,0.02,0.04,0.24
594,0.08,0.0,0.15,0.25,0.06,0.06,0.4
595,0.07,0.0,0.09,0.3,0.07,0.05,0.43
596,0.09,0.0,0.14,0.2,0.1,0.06,0.41
597,0.08,0.0,0.18,0.12,0.1,0.12,0.39
598,0.08,0.0,0.22,0.08,0.12,0.07,0.43
599,0.09,0.0,0.3,0.04,0.17,0.05,0.35
600,0.04,0.0,0.08,0.13,0.06,0.03,0.64
601,0.05,0.0,0.11,0.17,0.07,0.03,0.57
602,0.09,0.0,0.17,0.12,0.11,0.06,0.45
603,0.04,0.0,0.14,0.08,0.09,0.03,0.62
604,0.05,0.0,0.15,0.11,0.08,0.03,0.59
605,0.07,0.0,0.16,0.14,0.07,0.02,0.54
606,0.03,0.0,0.07,0.16,0.05,0.01,0.68
607,0.09,0.0,0.11,0.19,0.07,0.02,0.52
608,0.06,0.0,0.11,0.18,0.06,0.02,0.57
609,0.05,0.0,0.09,0.21,0.07,0.02,0.56
610,0.05,0.0,0.07,0.19,0.05,0.01,0.63
611,0.07,0.0,0.09,0.15,0.06,0.02,0.61
612,0.04,0.0,0.09,0.21,0.07,0.03,0.57
613,0.04,0.0,0.07,0.27,0.05,0.02,0.55
614,0.04,0.0,0.07,0.31,0.05,0.01,0.51
615,0.04,0.0,0.07,0.28,0.04,0.01,0.56
616,0.05,0.0,0.07,0.33,0.06,0.01,0.49
617,0.07,0.0,0.06,0.23,0.04,0.0,0.61
618,0.05,0.0,0.06,0.22,0.04,0.01,0.62
619,0.02,0.0,0.02,0.71,0.02,0.01,0.21
620,0.04,0.0,0.04,0.25,0.03,0.01,0.62
621,0.03,0.0,0.07,0.23,0.05,0.01,0.61
622,0.03,0.0,0.03,0.37,0.02,0.0,0.55
623,0.02,0.0,0.02,0.27,0.02,0.0,0.66
624,0.03,0.0,0.04,0.25,0.03,0.01,0.65
625,0.03,0.0,0.03,0.32,0.02,0.01,0.59
626,0.05,0.0,0.05,0.21,0.03,0.01,0.66
627,0.03,0.0,0.04,0.35,0.03,0.0,0.56
628,0.03,0.0,0.03,0.43,0.03,0.01,0.47
629,0.04,0.0,0.05,0.35,0.03,0.01,0.52
630,0.03,0.0,0.03,0.39,0.02,0.01,0.52
631,0.03,0.0,0.03,0.35,0.03,0.01,0.55
632,0.04,0.0,0.04,0.3,0.02,0.01,0.58
633,0.02,0.0,0.06,0.29,0.04,0.01,0.59
634,0.1,0.0,0.05,0.37,0.04,0.01,0.44
635,0.04,0.0,0.04,0.41,0.03,0.01,0.48
636,0.03,0.0,0.03,0.39,0.03,0.01,0.52
637,0.05,0.0,0.04,0.38,0.03,0.01,0.49
638,0.02,0.0,0.03,0.45,0.02,0.0,0.48
639,0.02,0.0,0.03,0.38,0.02,0.01,0.54
640,0.02,0.0,0.02,0.48,0.01,0.01,0.46
641,0.03,0.0,0.03,0.51,0.03,0.01,0.39
642,0.02,0.0,0.01,0.68,0.01,0.0,0.27
643,0.02,0.0,0.02,0.5,0.01,0.01,0.44
644,0.02,0.0,0.03,0.32,0.02,0.01,0.6
645,0.03,0.0,0.02,0.58,0.02,0.0,0.35
646,0.02,0.0,0.02,0.41,0.02,0.01,0.52
647,0.02,0.0,0.02,0.42,0.02,0.01,0.51
648,0.03,0.0,0.03,0.42,0.02,0.01,0.5
649,0.04,0.0,0.06,0.32,0.04,0.02,0.52
650,0.03,0.0,0.03,0.53,0.03,0.01,0.36
651,0.02,0.0,0.01,0.77,0.01,0.01,0.17
652,0.03,0.0,0.08,0.28,0.04,0.03,0.54
653,0.02,0.0,0.01,0.59,0.01,0.0,0.36
654,0.04,0.0,0.03,0.57,0.02,0.01,0.34
655,0.04,0.0,0.04,0.34,0.04,0.02,0.52
656,0.03,0.0,0.04,0.3,0.04,0.01,0.58
657,0.02,0.0,0.01,0.4,0.01,0.01,0.54
658,0.04,0.0,0.04,0.27,0.03,0.01,0.61
659,0.05,0.0,0.05,0.23,0.08,0.0,0.59
660,0.07,0.0,0.08,0.23,0.15,0.0,0.46
661,0.04,0.0,0.05,0.25,0.07,0.0,0.59
662,0.02,0.0,0.03,0.5,0.02,0.0,0.43
663,0.02,0.0,0.03,0.46,0.02,0.0,0.48
664,0.02,0.0,0.03,0.49,0.02,0.01,0.44
665,0.02,0.0,0.01,0.58,0.01,0.0,0.38
666,0.01,0.0,0.01,0.82,0.01,0.0,0.15
667,0.03,0.0,0.02,0.41,0.02,0.0,0.52
668,0.03,0.0,0.02,0.29,0.02,0.0,0.63
669,0.02,0.0,0.02,0.36,0.01,0.0,0.59
670,0.02,0.0,0.02,0.29,0.01,0.0,0.65
671,0.02,0.0,0.01,0.45,0.01,0.0,0.5
672,0.02,0.0,0.01,0.32,0.01,0.0,0.63
673,0.02,0.0,0.02,0.33,0.02,0.01,0.6
674,0.03,0.0,0.01,0.37,0.03,0.0,0.56
675,0.03,0.0,0.02,0.39,0.02,0.0,0.54
676,0.01,0.0,0.01,0.62,0.01,0.0,0.34
677,0.02,0.0,0.02,0.44,0.02,0.0,0.5
678,0.03,0.0,0.02,0.43,0.02,0.01,0.51
679,0.02,0.0,0.02,0.38,0.02,0.0,0.56
680,0.02,0.0,0.01,0.56,0.01,0.0,0.4
681,0.03,0.0,0.01,0.6,0.01,0.0,0.34
682,0.05,0.0,0.02,0.33,0.02,0.01,0.57
683,0.06,0.0,0.03,0.43,0.03,0.01,0.44
684,0.01,0.0,0.01,0.58,0.01,0.01,0.37
685,0.03,0.0,0.03,0.19,0.03,0.02,0.7
686,0.02,0.0,0.01,0.26,0.02,0.0,0.68
687,0.03,0.0,0.02,0.39,0.02,0.01,0.54
688,0.04,0.0,0.02,0.22,0.03,0.01,0.69
689,0.03,0.0,0.02,0.37,0.02,0.0,0.56
690,0.01,0.0,0.01,0.58,0.01,0.0,0.39
691,0.04,0.0,0.03,0.28,0.04,0.01,0.6
692,0.05,0.0,0.02,0.38,0.01,0.0,0.53
693,0.02,0.0,0.03,0.24,0.02,0.01,0.68
694,0.02,0.0,0.02,0.19,0.03,0.0,0.73
695,0.03,0.0,0.02,0.35,0.02,0.0,0.57
696,0.02,0.0,0.01,0.19,0.02,0.01,0.75
697,0.02,0.0,0.02,0.4,0.02,0.01,0.53
698,0.02,0.0,0.01,0.42,0.01,0.01,0.53
699,0.02,0.0,0.02,0.27,0.03,0.01,0.65
700,0.04,0.0,0.03,0.27,0.03,0.01,0.62
701,0.04,0.0,0.04,0.18,0.02,0.01,0.71
702,0.03,0.0,0.03,0.15,0.02,0.01,0.76
703,0.02,0.0,0.02,0.52,0.02,0.0,0.43
704,0.03,0.0,0.01,0.49,0.01,0.0,0.46
705,0.01,0.0,0.01,0.44,0.02,0.01,0.52
706,0.02,0.0,0.01,0.56,0.01,0.0,0.39
707,0.03,0.0,0.02,0.41,0.02,0.01,0.52
708,0.04,0.0,0.03,0.29,0.03,0.01,0.61
709,0.04,0.0,0.03,0.22,0.03,0.01,0.67
710,0.04,0.0,0.02,0.27,0.04,0.01,0.63
711,0.03,0.0,0.02,0.28,0.03,0.01,0.63
712,0.02,0.0,0.02,0.48,0.02,0.0,0.46
713,0.03,0.0,0.02,0.44,0.02,0.01,0.49
714,0.04,0.0,0.03,0.29,0.03,0.01,0.61
715,0.05,0.0,0.02,0.33,0.02,0.0,0.57
716,0.02,0.0,0.02,0.36,0.02,0.0,0.57
717,0.02,0.0,0.02,0.32,0.02,0.01,0.62
718,0.02,0.0,0.01,0.43,0.01,0.0,0.52
719,0.04,0.0,0.02,0.5,0.02,0.02,0.41
720,0.01,0.0,0.01,0.53,0.01,0.01,0.42
721,0.02,0.0,0.01,0.69,0.01,0.01,0.27
722,0.01,0.0,0.01,0.59,0.01,0.01,0.37
723,0.02,0.0,0.02,0.34,0.02,0.01,0.59
724,0.01,0.0,0.01,0.43,0.01,0.01,0.52
725,0.03,0.0,0.02,0.27,0.03,0.01,0.64
726,0.02,0.0,0.02,0.29,0.02,0.01,0.65
727,0.05,0.0,0.03,0.33,0.06,0.01,0.53
728,0.02,0.0,0.02,0.27,0.02,0.01,0.66
729,0.02,0.0,0.02,0.33,0.02,0.0,0.61
730,0.02,0.0,0.02,0.28,0.02,0.0,0.65
731,0.02,0.0,0.02,0.32,0.01,0.0,0.63
732,0.03,0.0,0.02,0.51,0.02,0.01,0.41
733,0.02,0.0,0.01,0.43,0.01,0.01,0.52
734,0.03,0.0,0.04,0.19,0.04,0.01,0.69
735,0.05,0.0,0.04,0.21,0.07,0.01,0.61
736,0.03,0.0,0.03,0.2,0.04,0.01,0.69
737,0.02,0.0,0.04,0.38,0.05,0.01,0.5
738,0.02,0.0,0.01,0.51,0.02,0.01,0.43
739,0.03,0.0,0.01,0.61,0.02,0.0,0.33
740,0.03,0.0,0.03,0.37,0.04,0.01,0.52
741,0.02,0.0,0.01,0.64,0.01,0.0,0.32
742,0.02,0.0,0.01,0.45,0.02,0.0,0.49
743,0.04,0.0,0.04,0.47,0.03,0.02,0.41
744,0.05,0.0,0.02,0.22,0.03,0.01,0.67
745,0.02,0.0,0.01,0.73,0.01,0.01,0.22
746,0.03,0.0,0.03,0.14,0.03,0.0,0.76
747,0.05,0.0,0.02,0.18,0.04,0.01,0.71
748,0.07,0.0,0.05,0.33,0.06,0.04,0.46
749,0.03,0.0,0.03,0.37,0.04,0.02,0.51
750,0.02,0.0,0.01,0.52,0.01,0.0,0.43
751,0.05,0.0,0.04,0.21,0.03,0.01,0.66
752,0.03,0.0,0.03,0.43,0.02,0.01,0.47
753,0.06,0.0,0.02,0.45,0.03,0.01,0.43
754,0.03,0.0,0.04,0.22,0.03,0.01,0.66
755,0.02,0.0,0.01,0.61,0.01,0.02,0.33
756,0.05,0.0,0.02,0.32,0.03,0.01,0.57
757,0.02,0.0,0.02,0.29,0.02,0.01,0.64
758,0.03,0.0,0.02,0.39,0.03,0.01,0.52
759,0.02,0.0,0.01,0.73,0.01,0.01,0.22
760,0.03,0.0,0.03,0.38,0.02,0.02,0.52
761,0.03,0.0,0.03,0.22,0.03,0.01,0.69
762,0.02,0.0,0.01,0.5,0.01,0.0,0.45
763,0.02,0.0,0.03,0.48,0.02,0.02,0.44
764,0.03,0.0,0.02,0.24,0.02,0.0,0.68
765,0.02,0.0,0.01,0.59,0.01,0.0,0.36
766,0.02,0.0,0.01,0.53,0.01,0.01,0.42
767,0.03,0.0,0.01,0.52,0.01,0.0,0.43
768,0.02,0.0,0.01,0.71,0.01,0.01,0.24
769,0.02,0.0,0.01,0.6,0.01,0.0,0.35
770,0.02,0.0,0.01,0.7,0.01,0.01,0.25
771,0.08,0.0,0.01,0.75,0.02,0.0,0.13
772,0.09,0.0,0.01,0.79,0.02,0.0,0.09
773,0.25,0.0,0.02,0.65,0.02,0.0,0.06
774,0.11,0.0,0.01,0.83,0.01,0.0,0.03
775,0.18,0.0,0.02,0.72,0.02,0.0,0.05
776,0.18,0.0,0.01,0.77,0.01,0.0,0.02
777,0.29,0.0,0.01,0.67,0.01,0.0,0.01
778,0.22,0.0,0.02,0.71,0.02,0.0,0.03
779,0.23,0.0,0.01,0.74,0.0,0.01,0.01
780,0.37,0.0,0.02,0.58,0.01,0.0,0.01
781,0.11,0.0,0.0,0.88,0.0,0.0,0.0
782,0.11,0.0,0.01,0.87,0.01,0.0,0.01
783,0.34,0.0,0.01,0.63,0.01,0.0,0.01
784,0.31,0.0,0.01,0.66,0.01,0.0,0.01
785,0.19,0.0,0.01,0.8,0.0,0.0,0.0
786,0.18,0.0,0.01,0.79,0.0,0.0,0.0
787,0.27,0.0,0.01,0.71,0.0,0.0,0.01
788,0.23,0.0,0.01,0.75,0.0,0.0,0.0
789,0.22,0.0,0.01,0.76,0.0,0.0,0.01
790,0.14,0.0,0.01,0.84,0.0,0.0,0.01
791,0.18,0.0,0.01,0.79,0.01,0.0,0.01
792,0.12,0.0,0.0,0.86,0.0,0.0,0.01
793,0.03,0.0,0.0,0.96,0.0,0.0,0.01
794,0.01,0.0,0.0,0.98,0.0,0.0,0.0
795,0.01,0.0,0.0,0.99,0.0,0.0,0.0
796,0.0,0.0,0.0,0.99,0.0,0.01,0.0
797,0.0,0.0,0.0,0.99,0.0,0.01,0.0
798,0.0,0.0,0.0,0.99,0.0,0.01,0.0
799,0.0,0.0,0.0,0.98,0.0,0.01,0.01
800,0.01,0.0,0.0,0.97,0.0,0.02,0.0
801,0.0,0.0,0.0,0.97,0.0,0.01,0.01
802,0.0,0.0,0.0,0.99,0.0,0.0,0.0
803,0.0,0.0,0.0,0.98,0.0,0.01,0.01
804,0.0,0.0,0.0,0.99,0.0,0.01,0.0
805,0.01,0.0,0.0,0.98,0.0,0.01,0.01
806,0.0,0.0,0.0,0.99,0.0,0.0,0.01
807,0.0,0.0,0.0,0.99,0.0,0.0,0.01
808,0.0,0.0,0.0,0.98,0.0,0.0,0.01
809,0.01,0.0,0.0,0.97,0.0,0.01,0.01
810,0.0,0.0,0.0,0.98,0.0,0.01,0.01
811,0.0,0.0,0.0,0.99,0.0,0.0,0.0
812,0.0,0.0,0.0,0.98,0.0,0.01,0.01
813,0.0,0.0,0.0,0.99,0.0,0.0,0.01
814,0.01,0.0,0.0,0.98,0.0,0.01,0.01
815,0.01,0.0,0.0,0.98,0.0,0.01,0.01
816,0.0,0.0,0.0,0.99,0.0,0.0,0.0
817,0.0,0.0,0.0,0.99,0.0,0.0,0.01
818,0.0,0.0,0.0,0.98,0.0,0.01,0.01
819,0.0,0.0,0.0,0.98,0.0,0.0,0.01
820,0.01,0.0,0.0,0.98,0.0,0.01,0.01
821,0.0,0.0,0.0,0.99,0.0,0.0,0.0
822,0.0,0.0,0.0,0.99,0.0,0.0,0.0
823,0.0,0.0,0.0,0.99,0.0,0.0,0.0
824,0.0,0.0,0.0,0.99,0.0,0.0,0.0
825,0.0,0.0,0.0,0.99,0.0,0.0,0.01
826,0.0,0.0,0.0,1.0,0.0,0.0,0.0
827,0.0,0.0,0.0,0.99,0.0,0.0,0.0
828,0.01,0.0,0.0,0.98,0.0,0.0,0.0
829,0.03,0.0,0.0,0.95,0.0,0.01,0.01
830,0.02,0.0,0.01,0.94,0.0,0.02,0.01
831,0.02,0.0,0.0,0.95,0.0,0.02,0.01
832,0.03,0.0,0.01,0.89,0.0,0.06,0.01
833,0.03,0.0,0.01,0.89,0.0,0.06,0.01
834,0.02,0.0,0.0,0.91,0.0,0.06,0.0
835,0.03,0.0,0.01,0.78,0.0,0.15,0.02
836,0.04,0.0,0.01,0.85,0.0,0.1,0.01
837,0.02,0.0,0.0,0.93,0.0,0.05,0.0
838,0.03,0.0,0.01,0.85,0.0,0.1,0.0
839,0.03,0.0,0.01,0.89,0.0,0.07,0.01
840,0.03,0.0,0.01,0.91,0.0,0.05,0.01
841,0.03,0.0,0.01,0.89,0.0,0.07,0.0
842,0.02,0.0,0.01,0.91,0.0,0.06,0.0
843,0.02,0.0,0.01,0.92,0.0,0.06,0.0
844,0.04,0.0,0.02,0.76,0.0,0.17,0.01
845,0.13,0.0,0.05,0.62,0.01,0.18,0.02
846,0.22,0.0,0.14,0.33,0.02,0.23,0.07
847,0.11,0.0,0.18,0.33,0.03,0.3,0.05
848,0.08,0.0,0.16,0.4,0.06,0.21,0.09
849,0.05,0.0,0.1,0.4,0.08,0.05,0.32
850,0.03,0.0,0.1,0.08,0.07,0.06,0.67
851,0.04,0.0,0.12,0.08,0.1,0.03,0.64
852,0.04,0.0,0.06,0.06,0.05,0.01,0.78
853,0.05,0.0,0.16,0.08,0.11,0.0,0.59
854,0.06,0.0,0.15,0.06,0.18,0.0,0.54
855,0.05,0.0,0.17,0.1,0.14,0.0,0.54
856,0.03,0.0,0.07,0.05,0.04,0.0,0.8
857,0.06,0.0,0.11,0.25,0.06,0.01,0.52
858,0.05,0.0,0.23,0.11,0.13,0.0,0.47
859,0.04,0.0,0.17,0.16,0.12,0.0,0.5
860,0.06,0.0,0.15,0.29,0.12,0.0,0.39
861,0.06,0.0,0.16,0.4,0.1,0.0,0.27
862,0.06,0.0,0.24,0.28,0.08,0.02,0.32
863,0.04,0.0,0.09,0.63,0.03,0.01,0.19
864,0.06,0.0,0.08,0.54,0.04,0.04,0.23
865,0.07,0.0,0.11,0.6,0.04,0.05,0.14
866,0.01,0.0,0.01,0.91,0.0,0.01,0.05
867,0.02,0.0,0.03,0.85,0.01,0.03,0.06
868,0.02,0.0,0.03,0.86,0.01,0.05,0.03
869,0.01,0.0,0.01,0.94,0.0,0.02,0.01
870,0.01,0.0,0.01,0.95,0.0,0.02,0.02
871,0.02,0.0,0.01,0.92,0.01,0.02,0.03
872,0.01,0.0,0.01,0.91,0.0,0.03,0.02
873,0.01,0.0,0.01,0.94,0.0,0.02,0.02
874,0.01,0.0,0.0,0.96,0.0,0.02,0.01
875,0.0,0.0,0.0,0.95,0.0,0.03,0.01
876,0.0,0.0,0.01,0.94,0.0,0.04,0.01
877,0.0,0.0,0.0,0.98,0.0,0.01,0.0
878,0.0,0.0,0.0,0.97,0.0,0.01,0.0
879,0.0,0.0,0.0,0.98,0.0,0.01,0.01
880,0.0,0.0,0.0,0.98,0.0,0.01,0.01
881,0.02,0.0,0.01,0.95,0.0,0.01,0.01
882,0.01,0.0,0.01,0.95,0.0,0.03,0.01
883,0.0,0.0,0.0,0.98,0.0,0.02,0.0
884,0.01,0.0,0.0,0.94,0.0,0.04,0.01
885,0.01,0.0,0.01,0.93,0.0,0.05,0.01
886,0.01,0.0,0.0,0.97,0.0,0.01,0.01
887,0.0,0.0,0.01,0.94,0.0,0.04,0.01
888,0.02,0.0,0.01,0.92,0.0,0.03,0.02
889,0.01,0.0,0.0,0.97,0.0,0.01,0.01
890,0.01,0.0,0.0,0.95,0.0,0.02,0.01
891,0.0,0.0,0.0,0.98,0.0,0.01,0.01
892,0.01,0.0,0.0,0.96,0.0,0.02,0.01
893,0.01,0.0,0.01,0.9,0.0,0.05,0.02
894,0.0,0.0,0.0,0.95,0.0,0.03,0.01
895,0.01,0.0,0.0,0.97,0.0,0.01,0.01
896,0.0,0.0,0.0,0.97,0.0,0.01,0.01
897,0.01,0.0,0.01,0.96,0.0,0.02,0.02
898,0.0,0.0,0.0,0.96,0.0,0.02,0.01
899,0.0,0.0,0.0,0.95,0.0,0.02,0.02
900,0.0,0.0,0.0,0.98,0.0,0.01,0.01
901,0.01,0.0,0.0,0.96,0.0,0.03,0.01
902,0.0,0.0,0.0,0.94,0.0,0.04,0.01
903,0.0,0.0,0.0,0.96,0.0,0.03,0.01
904,0.0,0.0,0.0,0.97,0.0,0.02,0.01
905,0.01,0.0,0.01,0.92,0.0,0.03,0.03
906,0.0,0.0,0.0,0.96,0.0,0.03,0.01
907,0.0,0.0,0.0,0.98,0.0,0.02,0.0
908,0.01,0.0,0.01,0.91,0.0,0.07,0.01
909,0.0,0.0,0.0,0.97,0.0,0.03,0.0
910,0.0,0.0,0.0,0.96,0.0,0.02,0.01
911,0.0,0.0,0.0,0.97,0.0,0.02,0.0
912,0.0,0.0,0.0,0.99,0.0,0.01,0.0
913,0.01,0.0,0.0,0.94,0.0,0.04,0.01
914,0.01,0.0,0.01,0.91,0.0,0.03,0.03
915,0.0,0.0,0.0,0.97,0.0,0.02,0.0
916,0.0,0.0,0.0,0.96,0.0,0.03,0.01
917,0.0,0.0,0.0,0.97,0.0,0.02,0.01
918,0.0,0.0,0.0,0.99,0.0,0.01,0.0
919,0.01,0.0,0.01,0.94,0.0,0.03,0.01
920,0.0,0.0,0.01,0.95,0.0,0.03,0.01
921,0.0,0.0,0.0,0.98,0.0,0.01,0.01
922,0.01,0.0,0.01,0.95,0.0,0.03,0.01
923,0.01,0.0,0.0,0.97,0.0,0.01,0.01
924,0.0,0.0,0.0,0.98,0.0,0.01,0.0
925,0.0,0.0,0.0,0.96,0.0,0.03,0.0
926,0.0,0.0,0.0,0.96,0.0,0.02,0.01
927,0.0,0.0,0.0,0.98,0.0,0.01,0.0
928,0.01,0.0,0.01,0.94,0.0,0.04,0.01
929,0.01,0.0,0.0,0.97,0.0,0.01,0.01
930,0.01,0.0,0.01,0.95,0.0,0.02,0.01
931,0.0,0.0,0.01,0.92,0.0,0.07,0.01
932,0.0,0.0,0.0,0.96,0.0,0.03,0.0
933,0.0,0.0,0.0,0.98,0.0,0.02,0.0
934,0.0,0.0,0.0,0.95,0.0,0.04,0.0
935,0.0,0.0,0.0,0.97,0.0,0.02,0.0
936,0.0,0.0,0.0,0.98,0.0,0.01,0.0
937,0.0,0.0,0.0,0.98,0.0,0.01,0.0
938,0.0,0.0,0.0,0.99,0.0,0.01,0.0
939,0.0,0.0,0.0,0.97,0.0,0.02,0.0
940,0.0,0.0,0.0,0.97,0.0,0.02,0.0
941,0.0,0.0,0.0,0.98,0.0,0.01,0.0
942,0.0,0.0,0.0,0.98,0.0,0.02,0.0
943,0.0,0.0,0.0,0.99,0.0,0.01,0.0
944,0.0,0.0,0.0,0.99,0.0,0.0,0.0
945,0.0,0.0,0.0,0.98,0.0,0.01,0.0
946,0.01,0.0,0.0,0.96,0.0,0.02,0.0
947,0.0,0.0,0.0,0.98,0.0,0.01,0.0
948,0.0,0.0,0.0,0.97,0.0,0.03,0.0
949,0.0,0.0,0.0,0.97,0.0,0.02,0.0
950,0.0,0.0,0.0,0.98,0.0,0.01,0.0
951,0.0,0.0,0.0,0.98,0.0,0.01,0.0
952,0.0,0.0,0.0,0.97,0.0,0.02,0.0
953,0.0,0.0,0.0,0.99,0.0,0.01,0.0
954,0.0,0.0,0.0,0.97,0.0,0.02,0.0
955,0.0,0.0,0.0,0.95,0.0,0.04,0.0
956,0.0,0.0,0.0,0.98,0.0,0.01,0.0
957,0.0,0.0,0.0,0.97,0.0,0.02,0.0
958,0.0,0.0,0.0,0.99,0.0,0.01,0.0
959,0.0,0.0,0.0,0.98,0.0,0.01,0.0
960,0.0,0.0,0.0,0.96,0.0,0.03,0.0
961,0.0,0.0,0.0,0.99,0.0,0.0,0.0
962,0.0,0.0,0.0,0.97,0.0,0.02,0.0
963,0.0,0.0,0.0,0.97,0.0,0.03,0.0
964,0.0,0.0,0.0,0.97,0.0,0.02,0.0
965,0.0,0.0,0.0,0.97,0.0,0.02,0.0
966,0.01,0.0,0.0,0.96,0.0,0.02,0.0
967,0.0,0.0,0.0,0.98,0.0,0.01,0.0
968,0.01,0.0,0.01,0.95,0.0,0.02,0.01
969,0.0,0.0,0.0,0.98,0.0,0.01,0.0
970,0.0,0.0,0.0,0.97,0.0,0.02,0.0
971,0.0,0.0,0.0,0.97,0.0,0.02,0.0
972,0.0,0.0,0.0,0.98,0.0,0.01,0.0
973,0.0,0.0,0.0,0.96,0.0,0.03,0.0
974,0.0,0.0,0.0,0.96,0.0,0.03,0.0
975,0.0,0.0,0.0,0.97,0.0,0.02,0.0
976,0.0,0.0,0.0,0.97,0.0,0.02,0.01
977,0.01,0.0,0.02,0.93,0.0,0.04,0.01
978,0.01,0.0,0.01,0.96,0.0,0.01,0.01
979,0.02,0.0,0.02,0.94,0.01,0.0,0.01
980,0.01,0.0,0.05,0.9,0.02,0.01,0.02
981,0.01,0.0,0.03,0.92,0.01,0.01,0.02
982,0.0,0.0,0.0,0.98,0.0,0.01,0.01
983,0.01,0.0,0.0,0.96,0.0,0.03,0.0
984,0.0,0.0,0.0,0.98,0.0,0.01,0.0
985,0.0,0.0,0.0,0.97,0.0,0.02,0.0
986,0.0,0.0,0.0,0.97,0.0,0.02,0.0
987,0.0,0.0,0.0,0.98,0.0,0.01,0.0
988,0.0,0.0,0.0,0.95,0.0,0.04,0.0
989,0.0,0.0,0.0,0.97,0.0,0.02,0.01
990,0.0,0.0,0.0,0.98,0.0,0.01,0.0
991,0.0,0.0,0.0,0.97,0.0,0.02,0.0
992,0.0,0.0,0.0,0.96,0.0,0.04,0.0
993,0.0,0.0,0.0,0.98,0.0,0.01,0.0
994,0.01,0.0,0.01,0.92,0.0,0.05,0.01
995,0.0,0.0,0.0,0.99,0.0,0.01,0.0
996,0.0,0.0,0.0,0.99,0.0,0.0,0.0
997,0.0,0.0,0.0,0.99,0.0,0.01,0.0
998,0.01,0.0,0.0,0.95,0.0,0.02,0.01
999,0.0,0.0,0.0,0.99,0.0,0.01,0.0
1000,0.0,0.0,0.0,0.98,0.0,0.01,0.0
1001,0.0,0.0,0.0,0.99,0.0,0.0,0.0
1002,0.0,0.0,0.0,0.98,0.0,0.02,0.0
1003,0.01,0.0,0.0,0.97,0.0,0.01,0.01
1004,0.0,0.0,0.0,0.98,0.0,0.01,0.01
1005,0.0,0.0,0.0,0.98,0.0,0.02,0.0
1006,0.0,0.0,0.0,0.99,0.0,0.01,0.0
1007,0.0,0.0,0.0,0.97,0.0,0.01,0.01
1008,0.0,0.0,0.0,0.99,0.0,0.01,0.0
1009,0.0,0.0,0.0,0.98,0.0,0.02,0.0
1010,0.0,0.0,0.0,0.99,0.0,0.01,0.0
1011,0.0,0.0,0.0,0.98,0.0,0.01,0.0
1012,0.0,0.0,0.0,0.91,0.0,0.09,0.0
1013,0.01,0.0,0.0,0.97,0.0,0.02,0.01
1014,0.0,0.0,0.0,0.98,0.0,0.01,0.0
1015,0.0,0.0,0.0,0.96,0.0,0.03,0.0
1016,0.0,0.0,0.0,0.98,0.0,0.02,0.0
1017,0.0,0.0,0.0,0.99,0.0,0.01,0.0
1018,0.0,0.0,0.0,0.97,0.0,0.02,0.0
1019,0.0,0.0,0.0,0.96,0.0,0.03,0.0
1020,0.01,0.0,0.0,0.96,0.0,0.03,0.0
1021,0.01,0.0,0.01,0.91,0.0,0.06,0.01
1022,0.01,0.0,0.01,0.95,0.0,0.03,0.01
1023,0.0,0.0,0.0,0.98,0.0,0.02,0.0
1024,0.01,0.0,0.0,0.95,0.0,0.03,0.01
1025,0.01,0.0,0.0,0.94,0.0,0.04,0.01
1026,0.03,0.0,0.02,0.8,0.0,0.12,0.02
1027,0.02,0.0,0.01,0.85,0.0,0.08,0.02
1028,0.02,0.0,0.01,0.89,0.0,0.06,0.02
1029,0.01,0.0,0.01,0.88,0.0,0.1,0.01
1030,0.01,0.0,0.01,0.94,0.0,0.04,0.01
1031,0.03,0.0,0.01,0.81,0.0,0.14,0.02
1032,0.01,0.0,0.0,0.9,0.0,0.06,0.02
1033,0.01,0.0,0.01,0.92,0.0,0.04,0.02
1034,0.02,0.0,0.01,0.93,0.0,0.03,0.01
1035,0.01,0.0,0.01,0.94,0.0,0.03,0.01
1036,0.01,0.0,0.01,0.94,0.0,0.03,0.01
1037,0.02,0.0,0.01,0.94,0.0,0.02,0.01
1038,0.0,0.0,0.0,0.98,0.0,0.01,0.01
1039,0.0,0.0,0.0,0.98,0.0,0.01,0.01
1040,0.03,0.0,0.0,0.94,0.0,0.01,0.01
1041,0.13,0.0,0.01,0.84,0.0,0.01,0.01
1042,0.08,0.0,0.01,0.89,0.0,0.01,0.01
1043,0.1,0.0,0.01,0.84,0.0,0.02,0.04
1044,0.0,0.0,0.0,0.99,0.0,0.01,0.0
1045,0.0,0.0,0.0,0.99,0.0,0.0,0.0
1046,0.0,0.0,0.0,0.99,0.0,0.01,0.0
1047,0.0,0.0,0.0,0.97,0.0,0.01,0.01
1048,0.0,0.0,0.0,0.97,0.0,0.02,0.01
1049,0.0,0.0,0.0,0.98,0.0,0.01,0.01
1050,0.01,0.0,0.0,0.96,0.0,0.02,0.01
1051,0.01,0.0,0.0,0.96,0.0,0.02,0.01
1052,0.01,0.0,0.0,0.95,0.0,0.03,0.01
1053,0.0,0.0,0.0,0.97,0.0,0.02,0.01
1054,0.01,0.0,0.01,0.93,0.0,0.05,0.01
1055,0.01,0.0,0.0,0.88,0.0,0.1,0.01
1056,0.03,0.0,0.01,0.86,0.0,0.08,0.02
1057,0.01,0.0,0.0,0.96,0.0,0.02,0.01
1058,0.01,0.0,0.0,0.95,0.0,0.03,0.01
1059,0.03,0.0,0.01,0.9,0.0,0.05,0.01
1060,0.01,0.0,0.01,0.93,0.0,0.03,0.02
1061,0.01,0.0,0.01,0.84,0.0,0.12,0.01
1062,0.0,0.0,0.0,0.96,0.0,0.02,0.01
1063,0.0,0.0,0.0,0.94,0.0,0.04,0.01
1064,0.02,0.0,0.01,0.82,0.0,0.11,0.04
1065,0.01,0.0,0.0,0.92,0.0,0.04,0.02
1066,0.01,0.0,0.01,0.92,0.0,0.04,0.02
1067,0.02,0.0,0.01,0.83,0.0,0.11,0.03
1068,0.01,0.0,0.0,0.95,0.0,0.02,0.02
1069,0.02,0.0,0.01,0.85,0.0,0.1,0.02
1070,0.05,0.0,0.02,0.8,0.0,0.1,0.03
1071,0.01,0.0,0.01,0.91,0.0,0.06,0.01
1072,0.02,0.0,0.01,0.84,0.0,0.11,0.02
1073,0.03,0.0,0.01,0.83,0.0,0.09,0.03
1074,0.06,0.0,0.02,0.8,0.01,0.08,0.02
1075,0.03,0.0,0.02,0.79,0.0,0.13,0.03
1076,0.02,0.0,0.01,0.85,0.0,0.08,0.04
1077,0.01,0.0,0.0,0.94,0.0,0.03,0.01
1078,0.04,0.0,0.01,0.83,0.0,0.1,0.02
1079,0.01,0.0,0.01,0.91,0.0,0.04,0.02
1080,0.01,0.0,0.0,0.97,0.0,0.01,0.01
1081,0.03,0.0,0.01,0.89,0.0,0.06,0.01
1082,0.05,0.0,0.01,0.84,0.0,0.06,0.04
1083,0.01,0.0,0.01,0.92,0.0,0.04,0.02
1084,0.02,0.0,0.01,0.87,0.0,0.09,0.01
1085,0.01,0.0,0.01,0.9,0.0,0.05,0.03
1086,0.02,0.0,0.01,0.93,0.0,0.03,0.01
1087,0.03,0.0,0.01,0.83,0.0,0.1,0.03
1088,0.01,0.0,0.01,0.9,0.0,0.05,0.02
1089,0.02,0.0,0.01,0.89,0.0,0.06,0.01
1090,0.02,0.0,0.01,0.87,0.0,0.08,0.03
1091,0.01,0.0,0.0,0.93,0.0,0.02,0.03
1092,0.03,0.0,0.01,0.79,0.0,0.1,0.06
1093,0.02,0.0,0.02,0.77,0.0,0.13,0.05
1094,0.01,0.0,0.01,0.93,0.0,0.03,0.02
1095,0.02,0.0,0.01,0.82,0.0,0.11,0.04
1096,0.01,0.0,0.01,0.87,0.0,0.04,0.06
1097,0.01,0.0,0.0,0.91,0.0,0.03,0.05
1098,0.06,0.0,0.03,0.73,0.02,0.05,0.11
1099,0.03,0.0,0.02,0.8,0.01,0.02,0.13
1100,0.0,0.0,0.0,0.94,0.0,0.01,0.04
1101,0.02,0.0,0.01,0.87,0.01,0.02,0.07
1102,0.0,0.0,0.01,0.9,0.0,0.02,0.07
1103,0.0,0.0,0.0,0.93,0.0,0.01,0.05
1104,0.02,0.0,0.01,0.84,0.01,0.04,0.08
1105,0.03,0.0,0.02,0.84,0.01,0.04,0.06
1106,0.02,0.0,0.02,0.82,0.01,0.03,0.09
1107,0.06,0.0,0.1,0.32,0.05,0.05,0.43
1108,0.02,0.0,0.07,0.15,0.05,0.01,0.7
1109,0.04,0.0,0.07,0.06,0.05,0.01,0.77
1110,0.02,0.0,0.07,0.06,0.05,0.02,0.77
1111,0.02,0.0,0.08,0.04,0.06,0.01,0.79
1112,0.04,0.0,0.1,0.03,0.06,0.01,0.76
1113,0.04,0.0,0.08,0.05,0.07,0.01,0.76
1114,0.06,0.0,0.21,0.07,0.16,0.01,0.49
1115,0.04,0.0,0.1,0.12,0.09,0.02,0.63
1116,0.12,0.0,0.22,0.11,0.12,0.1,0.33
1117,0.06,0.0,0.1,0.44,0.04,0.06,0.29
1118,0.09,0.0,0.08,0.48,0.04,0.06,0.24
1119,0.11,0.0,0.12,0.22,0.06,0.13,0.35
1120,0.07,0.0,0.12,0.18,0.1,0.04,0.49
1121,0.1,0.0,0.17,0.12,0.1,0.12,0.4
1122,0.1,0.0,0.21,0.07,0.12,0.09,0.42
1123,0.08,0.0,0.26,0.07,0.18,0.11,0.3
1124,0.12,0.0,0.24,0.06,0.11,0.19,0.27
1125,0.13,0.0,0.3,0.02,0.17,0.14,0.24
1126,0.12,0.0,0.43,0.01,0.19,0.08,0.16
1127,0.18,0.0,0.31,0.05,0.11,0.16,0.19
1128,0.11,0.0,0.2,0.05,0.15,0.08,0.41
1129,0.23,0.0,0.21,0.08,0.11,0.21,0.16
1130,0.17,0.0,0.19,0.04,0.16,0.12,0.33
1131,0.12,0.0,0.31,0.02,0.22,0.14,0.19
1132,0.11,0.0,0.2,0.06,0.15,0.15,0.32
1133,0.12,0.0,0.29,0.02,0.2,0.15,0.22
1134,0.14,0.0,0.22,0.09,0.14,0.09,0.32
1135,0.1,0.0,0.1,0.36,0.09,0.12,0.23
1136,0.07,0.0,0.09,0.39,0.08,0.05,0.32
1137,0.08,0.0,0.14,0.22,0.1,0.07,0.38
1138,0.12,0.0,0.17,0.31,0.11,0.13,0.16
1139,0.06,0.0,0.1,0.34,0.09,0.12,0.27
1140,0.04,0.0,0.08,0.45,0.06,0.05,0.32
1141,0.05,0.0,0.05,0.4,0.05,0.06,0.39
1142,0.07,0.0,0.07,0.44,0.07,0.11,0.24
1143,0.06,0.0,0.09,0.41,0.07,0.05,0.31
1144,0.09,0.0,0.09,0.42,0.05,0.13,0.22
1145,0.07,0.0,0.13,0.47,0.05,0.14,0.13
1146,0.12,0.0,0.11,0.36,0.07,0.1,0.23
1147,0.15,0.0,0.07,0.43,0.06,0.08,0.2
1148,0.12,0.0,0.11,0.31,0.06,0.2,0.2
1149,0.13,0.0,0.1,0.42,0.07,0.09,0.19
1150,0.06,0.0,0.08,0.48,0.06,0.08,0.25
1151,0.09,0.0,0.17,0.39,0.07,0.14,0.15
1152,0.11,0.0,0.07,0.32,0.08,0.1,0.32
1153,0.13,0.0,0.1,0.29,0.07,0.15,0.25
1154,0.08,0.0,0.09,0.41,0.04,0.15,0.24
1155,0.06,0.0,0.09,0.37,0.07,0.06,0.35
1156,0.07,0.0,0.07,0.4,0.06,0.14,0.25
1157,0.08,0.0,0.09,0.36,0.07,0.08,0.32
1158,0.14,0.0,0.1,0.24,0.12,0.06,0.35
1159,0.05,0.0,0.07,0.53,0.03,0.1,0.23
1160,0.08,0.0,0.1,0.45,0.03,0.15,0.19
1161,0.05,0.0,0.05,0.57,0.02,0.06,0.25
1162,0.07,0.0,0.09,0.36,0.03,0.17,0.27
1163,0.1,0.0,0.11,0.16,0.11,0.09,0.43
1164,0.11,0.0,0.13,0.25,0.05,0.17,0.29
1165,0.07,0.0,0.15,0.24,0.07,0.15,0.32
1166,0.07,0.0,0.11,0.43,0.04,0.16,0.19
1167,0.13,0.0,0.16,0.28,0.04,0.17,0.23
1168,0.05,0.0,0.09,0.41,0.04,0.06,0.35
1169,0.05,0.0,0.09,0.44,0.04,0.14,0.24
1170,0.17,0.0,0.12,0.23,0.08,0.14,0.25
1171,0.08,0.0,0.21,0.15,0.1,0.22,0.25
1172,0.12,0.0,0.16,0.22,0.08,0.11,0.31
1173,0.16,0.0,0.1,0.26,0.07,0.2,0.21
1174,0.1,0.0,0.12,0.2,0.08,0.23,0.26
1175,0.09,0.0,0.12,0.35,0.06,0.12,0.26
1176,0.04,0.0,0.06,0.27,0.05,0.05,0.52
1177,0.06,0.0,0.09,0.34,0.06,0.08,0.38
1178,0.06,0.0,0.11,0.36,0.07,0.09,0.31
1179,0.07,0.0,0.09,0.44,0.04,0.14,0.23
1180,0.1,0.0,0.16,0.21,0.06,0.1,0.37
1181,0.06,0.0,0.09,0.33,0.04,0.17,0.31
1182,0.1,0.0,0.11,0.22,0.06,0.07,0.44
1183,0.02,0.0,0.02,0.59,0.01,0.03,0.33
1184,0.01,0.0,0.0,0.92,0.0,0.0,0.06
1185,0.02,0.0,0.01,0.86,0.0,0.01,0.1
1186,0.02,0.0,0.01,0.88,0.01,0.0,0.08
1187,0.01,0.0,0.01,0.9,0.01,0.0,0.07
1188,0.01,0.0,0.01,0.87,0.01,0.01,0.09
1189,0.01,0.0,0.01,0.88,0.0,0.0,0.1
1190,0.04,0.0,0.03,0.47,0.05,0.01,0.4
1191,0.05,0.0,0.06,0.22,0.07,0.04,0.57
1192,0.06,0.0,0.06,0.21,0.07,0.03,0.58
1193,0.05,0.0,0.07,0.13,0.06,0.03,0.66
1194,0.05,0.0,0.03,0.08,0.06,0.01,0.76
1195,0.02,0.0,0.02,0.26,0.03,0.01,0.65
1196,0.05,0.0,0.05,0.2,0.05,0.02,0.62
1197,0.05,0.0,0.03,0.16,0.05,0.02,0.69
1198,0.06,0.0,0.06,0.11,0.12,0.02,0.63
1199,0.07,0.0,0.05,0.07,0.11,0.02,0.68
1200,0.05,0.0,0.05,0.07,0.11,0.03,0.69
1201,0.03,0.0,0.04,0.08,0.09,0.01,0.76
1202,0.03,0.0,0.02,0.11,0.05,0.01,0.78
1203,0.03,0.0,0.03,0.06,0.08,0.01,0.79
1204,0.03,0.0,0.04,0.12,0.08,0.01,0.72
1205,0.02,0.0,0.03,0.08,0.06,0.01,0.8
1206,0.04,0.0,0.03,0.14,0.09,0.02,0.67
1207,0.06,0.0,0.06,0.09,0.08,0.02,0.68
1208,0.08,0.0,0.11,0.03,0.15,0.08,0.55
1209,0.05,0.0,0.08,0.04,0.16,0.04,0.63
1210,0.08,0.0,0.09,0.05,0.09,0.06,0.64
1211,0.07,0.0,0.05,0.06,0.08,0.03,0.71
1212,0.05,0.0,0.06,0.03,0.11,0.02,0.73
1213,0.06,0.0,0.04,0.11,0.06,0.03,0.7
1214,0.07,0.0,0.04,0.09,0.09,0.03,0.69
1215,0.04,0.0,0.03,0.14,0.07,0.03,0.7
1216,0.06,0.0,0.04,0.08,0.1,0.03,0.69
1217,0.05,0.0,0.07,0.08,0.14,0.06,0.6
1218,0.07,0.0,0.05,0.09,0.09,0.03,0.67
1219,0.09,0.0,0.09,0.1,0.17,0.04,0.51
1220,0.07,0.0,0.08,0.04,0.22,0.02,0.57
1221,0.06,0.0,0.09,0.08,0.16,0.02,0.61
1222,0.13,0.0,0.1,0.01,0.28,0.02,0.47
1223,0.11,0.0,0.11,0.05,0.22,0.03,0.47
1224,0.08,0.0,0.08,0.03,0.14,0.02,0.64
1225,0.11,0.0,0.09,0.08,0.18,0.04,0.5
1226,0.14,0.0,0.15,0.04,0.26,0.04,0.37
1227,0.14,0.0,0.12,0.03,0.24,0.03,0.43
1228,0.11,0.0,0.13,0.03,0.27,0.03,0.43
1229,0.08,0.0,0.1,0.05,0.15,0.05,0.58
1230,0.06,0.0,0.05,0.06,0.11,0.02,0.69
1231,0.1,0.0,0.05,0.09,0.11,0.04,0.61
1232,0.04,0.0,0.07,0.09,0.06,0.03,0.71
1233,0.02,0.0,0.04,0.16,0.06,0.01,0.7
1234,0.02,0.0,0.02,0.16,0.05,0.02,0.74
1235,0.05,0.0,0.08,0.16,0.08,0.05,0.58
1236,0.03,0.0,0.02,0.16,0.05,0.01,0.73
1237,0.04,0.0,0.08,0.12,0.08,0.02,0.66
1238,0.03,0.0,0.05,0.19,0.08,0.02,0.63
1239,0.04,0.0,0.04,0.19,0.07,0.04,0.63
1240,0.02,0.0,0.04,0.13,0.05,0.02,0.73
1241,0.03,0.0,0.07,0.16,0.09,0.04,0.61
1242,0.03,0.0,0.02,0.2,0.03,0.02,0.69
1243,0.02,0.0,0.03,0.15,0.04,0.02,0.74
1244,0.02,0.0,0.03,0.19,0.06,0.02,0.68
1245,0.03,0.0,0.03,0.18,0.05,0.04,0.67
1246,0.03,0.0,0.04,0.13,0.08,0.08,0.64
1247,0.03,0.0,0.07,0.14,0.07,0.04,0.64
1248,0.03,0.0,0.03,0.19,0.05,0.02,0.68
1249,0.05,0.0,0.07,0.08,0.14,0.05,0.61
1250,0.06,0.0,0.06,0.13,0.08,0.04,0.63
1251,0.02,0.0,0.02,0.09,0.05,0.02,0.8
1252,0.02,0.0,0.04,0.09,0.07,0.04,0.74
1253,0.03,0.0,0.03,0.06,0.08,0.02,0.78
1254,0.03,0.0,0.01,0.08,0.06,0.02,0.8
1255,0.04,0.0,0.1,0.1,0.09,0.07,0.6
1256,0.02,0.0,0.02,0.1,0.04,0.01,0.81
1257,0.03,0.0,0.03,0.05,0.07,0.01,0.81
1258,0.04,0.0,0.06,0.08,0.11,0.03,0.69
1259,0.04,0.0,0.04,0.06,0.08,0.01,0.77
1260,0.04,0.0,0.03,0.09,0.06,0.03,0.75
1261,0.03,0.0,0.03,0.04,0.09,0.02,0.79
1262,0.02,0.0,0.03,0.04,0.04,0.01,0.84
1263,0.04,0.0,0.02,0.03,0.05,0.01,0.85
1264,0.04,0.0,0.04,0.04,0.07,0.02,0.79
1265,0.03,0.0,0.02,0.04,0.06,0.01,0.85
1266,0.03,0.0,0.01,0.02,0.06,0.0,0.88
1267,0.05,0.0,0.02,0.02,0.09,0.01,0.8
1268,0.05,0.0,0.01,0.02,0.08,0.0,0.84
1269,0.06,0.0,0.01,0.02,0.08,0.01,0.81
1270,0.05,0.0,0.03,0.05,0.08,0.01,0.79
1271,0.06,0.0,0.01,0.03,0.07,0.0,0.83
1272,0.04,0.0,0.01,0.02,0.07,0.01,0.85
1273,0.04,0.0,0.01,0.04,0.07,0.0,0.82
1274,0.06,0.0,0.01,0.03,0.09,0.0,0.81
1275,0.03,0.0,0.01,0.03,0.04,0.01,0.88
1276,0.05,0.0,0.02,0.04,0.06,0.0,0.83
1277,0.03,0.0,0.01,0.03,0.05,0.0,0.88
1278,0.05,0.0,0.02,0.03,0.08,0.01,0.82
1279,0.05,0.0,0.01,0.05,0.1,0.01,0.79
1280,0.04,0.0,0.01,0.05,0.07,0.01,0.82
1281,0.04,0.0,0.02,0.06,0.05,0.01,0.82
1282,0.04,0.0,0.02,0.05,0.08,0.01,0.8
1283,0.05,0.0,0.02,0.05,0.06,0.01,0.8
1284,0.03,0.0,0.03,0.04,0.05,0.01,0.83
1285,0.02,0.0,0.01,0.06,0.03,0.0,0.87
1286,0.04,0.0,0.01,0.03,0.04,0.01,0.87
1287,0.02,0.0,0.01,0.09,0.02,0.01,0.85
1288,0.03,0.0,0.01,0.05,0.03,0.01,0.87
1289,0.02,0.0,0.01,0.05,0.03,0.01,0.87
1290,0.04,0.0,0.02,0.04,0.05,0.01,0.83
1291,0.03,0.0,0.01,0.04,0.05,0.0,0.88
1292,0.04,0.0,0.02,0.06,0.04,0.01,0.84
1293,0.03,0.0,0.01,0.05,0.08,0.01,0.82
1294,0.03,0.0,0.01,0.04,0.06,0.0,0.84
1295,0.07,0.0,0.03,0.03,0.08,0.01,0.8
1296,0.04,0.0,0.02,0.04,0.1,0.01,0.78
1297,0.04,0.0,0.03,0.02,0.08,0.01,0.82
1298,0.04,0.0,0.03,0.05,0.1,0.01,0.76
1299,0.06,0.0,0.05,0.02,0.17,0.02,0.67
1300,0.08,0.0,0.05,0.03,0.1,0.03,0.71
1301,0.05,0.0,0.04,0.03,0.08,0.01,0.78
1302,0.08,0.0,0.05,0.02,0.16,0.01,0.68
1303,0.05,0.0,0.03,0.03,0.14,0.01,0.75
1304,0.03,0.0,0.03,0.04,0.09,0.0,0.8
1305,0.05,0.0,0.04,0.08,0.07,0.01,0.76
1306,0.06,0.0,0.03,0.11,0.1,0.01,0.7
1307,0.06,0.0,0.05,0.04,0.15,0.01,0.69
1308,0.07,0.0,0.04,0.09,0.07,0.01,0.72
1309,0.04,0.0,0.02,0.05,0.05,0.0,0.84
1310,0.08,0.0,0.09,0.05,0.17,0.02,0.59
1311,0.03,0.0,0.03,0.04,0.06,0.0,0.84
1312,0.04,0.0,0.02,0.09,0.06,0.0,0.78
1313,0.05,0.0,0.05,0.05,0.12,0.0,0.74
1314,0.03,0.0,0.04,0.09,0.05,0.0,0.79
1315,0.02,0.0,0.04,0.1,0.03,0.0,0.81
1316,0.06,0.0,0.11,0.04,0.14,0.01,0.64
1317,0.05,0.0,0.03,0.04,0.06,0.0,0.8
1318,0.03,0.0,0.04,0.12,0.05,0.0,0.76
1319,0.02,0.0,0.03,0.06,0.03,0.0,0.87
1320,0.04,0.0,0.02,0.05,0.05,0.0,0.83
1321,0.04,0.0,0.04,0.07,0.05,0.0,0.79
1322,0.04,0.0,0.04,0.06,0.06,0.0,0.81
1323,0.05,0.0,0.04,0.07,0.06,0.0,0.78
1324,0.04,0.0,0.07,0.1,0.09,0.01,0.69
1325,0.04,0.0,0.06,0.04,0.09,0.0,0.76
1326,0.04,0.0,0.04,0.1,0.05,0.0,0.77
1327,0.02,0.0,0.03,0.08,0.04,0.0,0.83
1328,0.04,0.0,0.05,0.04,0.07,0.0,0.79
1329,0.05,0.0,0.07,0.08,0.08,0.01,0.71
1330,0.02,0.0,0.03,0.04,0.06,0.0,0.85
1331,0.03,0.0,0.05,0.03,0.07,0.0,0.82
1332,0.04,0.0,0.04,0.06,0.09,0.0,0.77
1333,0.02,0.0,0.07,0.05,0.07,0.0,0.78
1334,0.03,0.0,0.03,0.08,0.04,0.0,0.83
1335,0.04,0.0,0.03,0.22,0.07,0.0,0.64
1336,0.04,0.0,0.05,0.04,0.09,0.0,0.79
1337,0.05,0.0,0.03,0.16,0.06,0.01,0.69
1338,0.03,0.0,0.02,0.15,0.04,0.0,0.75
1339,0.04,0.0,0.05,0.02,0.09,0.0,0.79
1340,0.05,0.0,0.04,0.12,0.08,0.0,0.71
1341,0.03,0.0,0.03,0.02,0.07,0.0,0.85
1342,0.04,0.0,0.04,0.03,0.08,0.0,0.81
1343,0.04,0.0,0.04,0.08,0.09,0.0,0.75
1344,0.03,0.0,0.05,0.04,0.08,0.0,0.79
1345,0.04,0.0,0.04,0.03,0.13,0.0,0.75
1346,0.06,0.0,0.05,0.03,0.1,0.01,0.75
1347,0.02,0.0,0.04,0.03,0.07,0.0,0.83
1348,0.03,0.0,0.05,0.03,0.11,0.0,0.78
1349,0.03,0.0,0.04,0.03,0.09,0.01,0.81
1350,0.05,0.0,0.04,0.03,0.09,0.01,0.78
1351,0.04,0.0,0.03,0.03,0.05,0.0,0.85
1352,0.08,0.0,0.06,0.05,0.12,0.02,0.68
1353,0.03,0.0,0.06,0.02,0.08,0.0,0.81
1354,0.03,0.0,0.03,0.03,0.06,0.0,0.85
1355,0.03,0.0,0.05,0.05,0.08,0.01,0.78
1356,0.03,0.0,0.06,0.05,0.1,0.0,0.76
1357,0.04,0.0,0.03,0.05,0.08,0.0,0.79
1358,0.04,0.0,0.04,0.05,0.09,0.0,0.78
1359,0.01,0.0,0.02,0.08,0.03,0.0,0.85
1360,0.03,0.0,0.04,0.09,0.07,0.0,0.77
1361,0.03,0.0,0.05,0.07,0.05,0.01,0.79
1362,0.02,0.0,0.04,0.1,0.04,0.01,0.78
1363,0.02,0.0,0.03,0.11,0.04,0.01,0.79
1364,0.02,0.0,0.03,0.19,0.03,0.0,0.73
1365,0.02,0.0,0.02,0.13,0.04,0.0,0.79
1366,0.02,0.0,0.02,0.14,0.03,0.0,0.79
1367,0.02,0.0,0.05,0.12,0.06,0.0,0.74
1368,0.02,0.0,0.03,0.04,0.07,0.0,0.83
1369,0.02,0.0,0.03,0.05,0.04,0.0,0.86
1370,0.02,0.0,0.05,0.05,0.07,0.01,0.8
1371,0.02,0.0,0.05,0.04,0.08,0.0,0.82
1372,0.02,0.0,0.02,0.03,0.05,0.0,0.88
1373,0.02,0.0,0.06,0.05,0.08,0.01,0.78
1374,0.03,0.0,0.06,0.03,0.1,0.01,0.78
1375,0.03,0.0,0.03,0.05,0.06,0.0,0.83
1376,0.02,0.0,0.03,0.03,0.06,0.0,0.86
1377,0.02,0.0,0.03,0.06,0.09,0.0,0.8
1378,0.05,0.0,0.03,0.05,0.09,0.0,0.79
1379,0.02,0.0,0.04,0.03,0.06,0.0,0.85
1380,0.05,0.0,0.03,0.03,0.12,0.0,0.77
1381,0.03,0.0,0.03,0.05,0.05,0.0,0.85
1382,0.04,0.0,0.08,0.04,0.11,0.01,0.72
1383,0.05,0.0,0.15,0.19,0.15,0.03,0.43
1384,0.09,0.0,0.33,0.05,0.24,0.04,0.24
1385,0.03,0.0,0.2,0.03,0.21,0.02,0.5
1386,0.04,0.0,0.19,0.06,0.18,0.01,0.52
1387,0.03,0.0,0.19,0.03,0.28,0.01,0.45
1388,0.04,0.0,0.18,0.04,0.21,0.02,0.52
1389,0.12,0.0,0.26,0.05,0.27,0.01,0.28
1390,0.08,0.0,0.17,0.11,0.19,0.04,0.41
1391,0.1,0.0,0.16,0.08,0.19,0.04,0.43
1392,0.1,0.0,0.1,0.08,0.17,0.02,0.53
1393,0.09,0.0,0.22,0.05,0.2,0.03,0.41
1394,0.07,0.0,0.23,0.06,0.18,0.01,0.45
1395,0.1,0.0,0.18,0.08,0.2,0.01,0.43
1396,0.09,0.0,0.25,0.13,0.21,0.06,0.26
1397,0.09,0.0,0.3,0.06,0.23,0.04,0.29
1398,0.11,0.0,0.37,0.06,0.24,0.04,0.19
1399,0.05,0.0,0.22,0.07,0.23,0.02,0.43
1400,0.08,0.0,0.15,0.09,0.22,0.01,0.45
1401,0.08,0.0,0.13,0.11,0.21,0.01,0.46
1402,0.05,0.0,0.22,0.05,0.25,0.01,0.42
1403,0.08,0.0,0.29,0.03,0.32,0.01,0.28
1404,0.06,0.0,0.17,0.04,0.25,0.02,0.47
1405,0.04,0.0,0.27,0.03,0.21,0.03,0.42
1406,0.06,0.0,0.25,0.04,0.22,0.02,0.41
1407,0.09,0.0,0.16,0.07,0.16,0.02,0.5
1408,0.09,0.0,0.27,0.07,0.16,0.03,0.39
1409,0.07,0.0,0.18,0.13,0.17,0.03,0.42
1410,0.09,0.0,0.21,0.05,0.16,0.02,0.46
1411,0.03,0.0,0.16,0.03,0.13,0.01,0.63
1412,0.03,0.0,0.11,0.09,0.09,0.01,0.67
1413,0.06,0.0,0.2,0.1,0.09,0.05,0.5
1414,0.02,0.0,0.09,0.24,0.06,0.01,0.58
1415,0.02,0.0,0.05,0.35,0.03,0.03,0.52
1416,0.03,0.0,0.05,0.43,0.03,0.04,0.43
1417,0.04,0.0,0.06,0.26,0.03,0.04,0.57
1418,0.06,0.0,0.08,0.42,0.04,0.03,0.38
1419,0.08,0.0,0.08,0.31,0.07,0.06,0.4
1420,0.08,0.0,0.14,0.23,0.07,0.08,0.4
1421,0.02,0.0,0.05,0.64,0.02,0.05,0.22
1422,0.03,0.0,0.05,0.49,0.02,0.06,0.34
1423,0.02,0.0,0.03,0.71,0.01,0.03,0.19
1424,0.03,0.0,0.03,0.69,0.01,0.03,0.2
1425,0.03,0.0,0.07,0.48,0.02,0.12,0.29
1426,0.03,0.0,0.07,0.59,0.02,0.07,0.22
1427,0.01,0.0,0.03,0.82,0.01,0.03,0.1
1428,0.02,0.0,0.04,0.39,0.02,0.03,0.5
1429,0.01,0.0,0.02,0.62,0.01,0.02,0.32
1430,0.01,0.0,0.03,0.76,0.01,0.07,0.12
1431,0.04,0.0,0.06,0.58,0.02,0.17,0.13
1432,0.01,0.0,0.03,0.74,0.01,0.02,0.19
1433,0.02,0.0,0.02,0.81,0.0,0.08,0.07
1434,0.0,0.0,0.01,0.91,0.0,0.03,0.04
1435,0.0,0.0,0.01,0.93,0.0,0.03,0.03
1436,0.02,0.0,0.02,0.74,0.01,0.08,0.14
1437,0.04,0.0,0.06,0.55,0.03,0.02,0.3
1438,0.01,0.0,0.01,0.79,0.01,0.0,0.19
1439,0.02,0.0,0.05,0.3,0.04,0.01,0.58
1440,0.03,0.0,0.06,0.2,0.05,0.0,0.66
1441,0.04,0.0,0.07,0.2,0.04,0.0,0.66
1442,0.04,0.0,0.1,0.31,0.07,0.03,0.45
1443,0.06,0.0,0.13,0.35,0.06,0.07,0.33
1444,0.04,0.0,0.06,0.58,0.04,0.03,0.25
1445,0.03,0.0,0.07,0.68,0.02,0.12,0.08
1446,0.02,0.0,0.02,0.79,0.01,0.11,0.06
1447,0.01,0.0,0.01,0.91,0.0,0.04,0.03
1448,0.01,0.0,0.02,0.85,0.01,0.06,0.05
1449,0.01,0.0,0.02,0.82,0.01,0.06,0.08
1450,0.01,0.0,0.01,0.93,0.0,0.03,0.03
1451,0.0,0.0,0.0,0.96,0.0,0.01,0.02
1452,0.0,0.0,0.01,0.92,0.01,0.02,0.04
1453,0.0,0.0,0.01,0.94,0.0,0.03,0.02
1454,0.01,0.0,0.02,0.87,0.0,0.06,0.03
1455,0.01,0.0,0.01,0.88,0.0,0.05,0.04
1456,0.01,0.0,0.01,0.93,0.0,0.03,0.02
1457,0.01,0.0,0.03,0.83,0.01,0.05,0.07
1458,0.0,0.0,0.01,0.94,0.0,0.02,0.03
1459,0.01,0.0,0.02,0.87,0.01,0.05,0.04
1460,0.0,0.0,0.01,0.91,0.0,0.04,0.03
1461,0.01,0.0,0.02,0.85,0.01,0.06,0.05
1462,0.01,0.0,0.01,0.9,0.0,0.04,0.04
1463,0.0,0.0,0.01,0.92,0.0,0.03,0.04
1464,0.0,0.0,0.0,0.95,0.0,0.01,0.02
1465,0.0,0.0,0.01,0.92,0.0,0.02,0.04
1466,0.01,0.0,0.01,0.89,0.0,0.06,0.04
1467,0.0,0.0,0.0,0.96,0.0,0.01,0.02
1468,0.01,0.0,0.01,0.91,0.0,0.04,0.03
1469,0.02,0.0,0.03,0.82,0.01,0.05,0.06
1470,0.0,0.0,0.0,0.96,0.0,0.02,0.01
1471,0.0,0.0,0.0,0.95,0.0,0.03,0.01
1472,0.0,0.0,0.01,0.93,0.0,0.03,0.02
1473,0.0,0.0,0.0,0.97,0.0,0.01,0.01
1474,0.0,0.0,0.0,0.99,0.0,0.01,0.0
1475,0.0,0.0,0.0,0.95,0.0,0.02,0.01
1476,0.0,0.0,0.0,0.98,0.0,0.01,0.01
1477,0.0,0.0,0.0,0.97,0.0,0.02,0.0
1478,0.01,0.0,0.0,0.95,0.0,0.02,0.02
1479,0.0,0.0,0.0,0.96,0.0,0.02,0.01
1480,0.0,0.0,0.0,0.97,0.0,0.01,0.01
1481,0.01,0.0,0.01,0.93,0.0,0.03,0.01
1482,0.01,0.0,0.0,0.97,0.0,0.01,0.01
1483,0.0,0.0,0.0,0.96,0.0,0.03,0.01
1484,0.0,0.0,0.01,0.96,0.0,0.02,0.01
1485,0.0,0.0,0.0,0.97,0.0,0.02,0.01
1486,0.0,0.0,0.0,0.97,0.0,0.01,0.01
1487,0.01,0.0,0.01,0.96,0.0,0.01,0.01
1488,0.01,0.0,0.0,0.97,0.0,0.01,0.01
1489,0.03,0.0,0.01,0.91,0.01,0.01,0.02
1490,0.1,0.0,0.01,0.89,0.0,0.0,0.0
1491,0.2,0.0,0.02,0.77,0.01,0.0,0.01
1492,0.2,0.0,0.01,0.77,0.01,0.0,0.0
1493,0.21,0.0,0.01,0.77,0.0,0.0,0.0
1494,0.2,0.0,0.01,0.77,0.01,0.0,0.0
1495,0.18,0.0,0.01,0.79,0.0,0.0,0.0
1496,0.29,0.0,0.01,0.69,0.0,0.0,0.0
1497,0.7,0.0,0.07,0.21,0.01,0.0,0.0
1498,0.47,0.02,0.1,0.39,0.01,0.01,0.0
1499,0.79,0.01,0.06,0.12,0.02,0.0,0.0
1500,0.76,0.0,0.07,0.15,0.01,0.0,0.0
1501,0.73,0.0,0.11,0.1,0.05,0.0,0.0
1502,0.81,0.0,0.12,0.04,0.02,0.0,0.0
1503,0.85,0.0,0.06,0.07,0.01,0.0,0.0
1504,0.41,0.0,0.07,0.48,0.03,0.0,0.0
1505,0.32,0.0,0.02,0.65,0.01,0.0,0.0
1506,0.5,0.0,0.13,0.33,0.04,0.0,0.0
1507,0.09,0.0,0.02,0.87,0.01,0.0,0.0
1508,0.12,0.0,0.04,0.81,0.02,0.0,0.01
1509,0.04,0.0,0.02,0.93,0.01,0.0,0.0
1510,0.02,0.0,0.01,0.96,0.01,0.0,0.01
1511,0.01,0.0,0.0,0.98,0.01,0.0,0.01
1512,0.01,0.0,0.01,0.95,0.02,0.0,0.01
1513,0.02,0.0,0.02,0.83,0.07,0.0,0.05
1514,0.01,0.0,0.01,0.94,0.03,0.0,0.01
1515,0.01,0.0,0.01,0.95,0.03,0.0,0.01
1516,0.01,0.0,0.0,0.96,0.02,0.0,0.01
1517,0.01,0.0,0.01,0.95,0.03,0.0,0.0
1518,0.03,0.0,0.02,0.89,0.04,0.0,0.01
1519,0.02,0.0,0.04,0.84,0.07,0.0,0.03
1520,0.01,0.0,0.01,0.91,0.03,0.0,0.04
1521,0.09,0.0,0.08,0.65,0.13,0.0,0.06
1522,0.08,0.0,0.05,0.74,0.08,0.01,0.04
1523,0.11,0.0,0.08,0.63,0.08,0.01,0.09
1524,0.04,0.0,0.02,0.83,0.02,0.03,0.05
1525,0.04,0.0,0.02,0.85,0.02,0.01,0.06
1526,0.03,0.0,0.03,0.82,0.03,0.01,0.08
1527,0.03,0.0,0.06,0.69,0.1,0.01,0.11
1528,0.03,0.0,0.08,0.65,0.08,0.01,0.16
1529,0.02,0.0,0.09,0.4,0.22,0.0,0.28
1530,0.03,0.0,0.1,0.4,0.27,0.0,0.2
1531,0.03,0.0,0.06,0.57,0.08,0.0,0.26
1532,0.04,0.0,0.05,0.5,0.07,0.0,0.34
1533,0.02,0.0,0.06,0.42,0.07,0.0,0.42
1534,0.02,0.0,0.05,0.52,0.05,0.0,0.37
1535,0.02,0.0,0.04,0.59,0.04,0.0,0.3
1536,0.01,0.0,0.05,0.34,0.06,0.0,0.53
1537,0.02,0.0,0.06,0.39,0.05,0.0,0.48
1538,0.01,0.0,0.05,0.35,0.03,0.0,0.55
1539,0.02,0.0,0.13,0.2,0.08,0.0,0.57
1540,0.02,0.0,0.05,0.25,0.04,0.0,0.63
1541,0.04,0.0,0.06,0.28,0.07,0.0,0.56
1542,0.06,0.0,0.08,0.38,0.11,0.0,0.37
1543,0.03,0.0,0.05,0.53,0.04,0.0,0.34
1544,0.02,0.0,0.07,0.65,0.03,0.01,0.23
1545,0.02,0.0,0.03,0.78,0.03,0.01,0.13
1546,0.01,0.0,0.01,0.87,0.01,0.01,0.09
1547,0.02,0.0,0.02,0.8,0.02,0.02,0.12
1548,0.0,0.0,0.0,0.95,0.0,0.01,0.04
1549,0.01,0.0,0.01,0.95,0.0,0.01,0.03
1550,0.01,0.0,0.01,0.89,0.01,0.01,0.07
1551,0.01,0.0,0.01,0.91,0.01,0.01,0.05
1552,0.0,0.0,0.0,0.96,0.0,0.01,0.02
1553,0.03,0.0,0.04,0.74,0.03,0.02,0.14
1554,0.02,0.0,0.02,0.81,0.02,0.01,0.12
1555,0.01,0.0,0.01,0.86,0.01,0.01,0.1
1556,0.02,0.0,0.03,0.7,0.03,0.01,0.21
1557,0.02,0.0,0.02,0.81,0.01,0.02,0.13
1558,0.01,0.0,0.01,0.87,0.0,0.04,0.06
1559,0.02,0.0,0.02,0.75,0.03,0.01,0.17
1560,0.03,0.0,0.02,0.79,0.01,0.02,0.12
1561,0.02,0.0,0.02,0.8,0.01,0.02,0.13
1562,0.02,0.0,0.03,0.71,0.02,0.02,0.2
1563,0.01,0.0,0.01,0.87,0.01,0.01,0.09
1564,0.03,0.0,0.08,0.55,0.05,0.02,0.27
1565,0.1,0.0,0.14,0.23,0.14,0.02,0.37
1566,0.01,0.0,0.02,0.76,0.01,0.0,0.19
1567,0.03,0.0,0.07,0.21,0.09,0.01,0.59
1568,0.03,0.0,0.09,0.2,0.06,0.0,0.62
1569,0.06,0.0,0.05,0.27,0.06,0.0,0.56
1570,0.03,0.0,0.05,0.23,0.04,0.01,0.64
1571,0.03,0.0,0.07,0.23,0.05,0.0,0.62
1572,0.02,0.0,0.06,0.39,0.05,0.0,0.48
1573,0.03,0.0,0.08,0.37,0.04,0.01,0.46
1574,0.03,0.0,0.06,0.42,0.04,0.01,0.45
1575,0.05,0.0,0.1,0.32,0.06,0.01,0.45
1576,0.05,0.0,0.08,0.25,0.06,0.01,0.55
1577,0.04,0.0,0.06,0.2,0.06,0.0,0.63
1578,0.03,0.0,0.05,0.27,0.03,0.01,0.61
1579,0.03,0.0,0.05,0.2,0.05,0.01,0.65
1580,0.03,0.0,0.09,0.14,0.06,0.0,0.68
1581,0.03,0.0,0.11,0.19,0.05,0.01,0.6
1582,0.03,0.0,0.1,0.19,0.06,0.01,0.6
1583,0.04,0.0,0.11,0.22,0.06,0.01,0.55
1584,0.03,0.0,0.07,0.33,0.04,0.01,0.53
1585,0.02,0.0,0.07,0.23,0.05,0.0,0.63
1586,0.03,0.0,0.12,0.17,0.07,0.0,0.61
1587,0.02,0.0,0.07,0.39,0.03,0.01,0.48
1588,0.03,0.0,0.07,0.26,0.06,0.01,0.58
1589,0.03,0.0,0.06,0.49,0.04,0.01,0.38
1590,0.05,0.0,0.1,0.2,0.07,0.01,0.57
1591,0.03,0.0,0.06,0.25,0.06,0.0,0.59
1592,0.02,0.0,0.03,0.3,0.02,0.0,0.63
1593,0.01,0.0,0.03,0.44,0.02,0.01,0.48
1594,0.03,0.0,0.06,0.36,0.04,0.0,0.51
1595,0.02,0.0,0.06,0.54,0.02,0.01,0.35
1596,0.02,0.0,0.06,0.27,0.04,0.01,0.6
1597,0.02,0.0,0.04,0.44,0.02,0.0,0.48
1598,0.02,0.0,0.04,0.33,0.03,0.0,0.58
1599,0.02,0.0,0.03,0.31,0.02,0.01,0.61
1600,0.02,0.0,0.05,0.26,0.05,0.0,0.62
1601,0.02,0.0,0.05,0.33,0.03,0.0,0.57
1602,0.02,0.0,0.03,0.27,0.03,0.01,0.64
1603,0.03,0.0,0.08,0.23,0.07,0.0,0.59
1604,0.02,0.0,0.04,0.36,0.03,0.0,0.55
1605,0.02,0.0,0.04,0.28,0.03,0.0,0.63
1606,0.01,0.0,0.03,0.25,0.02,0.0,0.68
1607,0.02,0.0,0.05,0.29,0.04,0.0,0.59
1608,0.02,0.0,0.05,0.49,0.03,0.01,0.4
1609,0.01,0.0,0.05,0.39,0.03,0.0,0.52
1610,0.01,0.0,0.02,0.58,0.02,0.01,0.37
1611,0.01,0.0,0.01,0.54,0.01,0.0,0.43
1612,0.01,0.0,0.01,0.71,0.01,0.0,0.26
1613,0.01,0.0,0.03,0.54,0.02,0.0,0.39
1614,0.01,0.0,0.01,0.7,0.01,0.0,0.27
1615,0.01,0.0,0.01,0.64,0.01,0.0,0.33
1616,0.01,0.0,0.01,0.66,0.01,0.0,0.3
1617,0.01,0.0,0.01,0.75,0.01,0.0,0.23
1618,0.0,0.0,0.01,0.82,0.0,0.0,0.17
1619,0.01,0.0,0.01,0.72,0.01,0.01,0.24
1620,0.01,0.0,0.01,0.84,0.01,0.0,0.14
1621,0.01,0.0,0.0,0.83,0.01,0.0,0.16
1622,0.01,0.0,0.03,0.71,0.02,0.01,0.22
1623,0.01,0.0,0.04,0.62,0.02,0.01,0.3
1624,0.01,0.0,0.01,0.72,0.01,0.0,0.25
1625,0.02,0.0,0.03,0.68,0.02,0.01,0.25
1626,0.02,0.0,0.02,0.6,0.03,0.0,0.33
1627,0.02,0.0,0.03,0.63,0.02,0.01,0.3
1628,0.01,0.0,0.03,0.7,0.01,0.01,0.24
1629,0.01,0.0,0.01,0.86,0.0,0.0,0.12
1630,0.01,0.0,0.02,0.82,0.01,0.01,0.14
1631,0.02,0.0,0.02,0.74,0.02,0.01,0.18
1632,0.02,0.0,0.04,0.66,0.03,0.01,0.24
1633,0.01,0.0,0.02,0.82,0.01,0.01,0.12
1634,0.02,0.0,0.03,0.78,0.02,0.01,0.13
1635,0.03,0.0,0.04,0.79,0.02,0.01,0.1
1636,0.07,0.0,0.03,0.78,0.02,0.01,0.08
1637,0.21,0.0,0.05,0.64,0.04,0.01,0.05
1638,0.16,0.0,0.04,0.74,0.02,0.0,0.04
1639,0.38,0.0,0.05,0.53,0.02,0.0,0.01
1640,0.36,0.0,0.06,0.53,0.03,0.0,0.01
1641,0.1,0.0,0.01,0.86,0.01,0.0,0.01
1642,0.44,0.0,0.06,0.45,0.03,0.01,0.01
1643,0.31,0.0,0.05,0.6,0.02,0.01,0.01
1644,0.38,0.0,0.04,0.55,0.02,0.0,0.01
1645,0.47,0.0,0.05,0.45,0.02,0.01,0.01
1646,0.27,0.0,0.03,0.66,0.02,0.01,0.01
1647,0.1,0.0,0.01,0.87,0.01,0.01,0.01
1648,0.03,0.0,0.01,0.92,0.0,0.02,0.01
1649,0.01,0.0,0.0,0.94,0.0,0.02,0.03
1650,0.0,0.0,0.0,0.98,0.0,0.02,0.0
1651,0.01,0.0,0.0,0.96,0.0,0.03,0.01
1652,0.02,0.0,0.01,0.91,0.0,0.04,0.01
1653,0.01,0.0,0.0,0.94,0.0,0.03,0.01
1654,0.01,0.0,0.01,0.89,0.0,0.07,0.01
1655,0.01,0.0,0.01,0.9,0.0,0.07,0.01
1656,0.01,0.0,0.0,0.95,0.0,0.02,0.01
1657,0.01,0.0,0.0,0.95,0.0,0.02,0.01
1658,0.02,0.0,0.01,0.88,0.0,0.06,0.03
1659,0.03,0.0,0.01,0.88,0.0,0.06,0.02
1660,0.01,0.0,0.01,0.91,0.0,0.04,0.03
1661,0.02,0.0,0.01,0.89,0.0,0.04,0.03
1662,0.01,0.0,0.01,0.9,0.0,0.04,0.03
1663,0.02,0.0,0.01,0.83,0.0,0.12,0.02
1664,0.02,0.0,0.02,0.87,0.01,0.07,0.02
1665,0.01,0.0,0.01,0.88,0.0,0.06,0.02
1666,0.01,0.0,0.01,0.93,0.0,0.03,0.03
1667,0.01,0.0,0.01,0.9,0.01,0.03,0.04
1668,0.04,0.0,0.02,0.83,0.01,0.08,0.03
1669,0.03,0.0,0.03,0.8,0.01,0.1,0.03
1670,0.01,0.0,0.01,0.92,0.0,0.02,0.04
1671,0.02,0.0,0.03,0.75,0.01,0.01,0.18
1672,0.05,0.0,0.11,0.3,0.07,0.01,0.46
1673,0.04,0.0,0.06,0.45,0.05,0.0,0.39
1674,0.06,0.0,0.1,0.29,0.06,0.02,0.47
1675,0.05,0.0,0.1,0.17,0.08,0.01,0.58
1676,0.1,0.0,0.15,0.18,0.14,0.02,0.4
1677,0.11,0.0,0.18,0.33,0.11,0.04,0.23
1678,0.07,0.0,0.21,0.09,0.15,0.01,0.46
1679,0.1,0.0,0.1,0.3,0.1,0.01,0.4
1680,0.09,0.0,0.16,0.26,0.11,0.02,0.36
1681,0.03,0.0,0.05,0.73,0.05,0.02,0.12
1682,0.05,0.0,0.07,0.77,0.02,0.04,0.04
1683,0.02,0.0,0.02,0.89,0.0,0.05,0.03
1684,0.08,0.0,0.03,0.81,0.01,0.04,0.03
1685,0.01,0.0,0.01,0.96,0.0,0.02,0.01
1686,0.0,0.0,0.0,0.96,0.0,0.02,0.01
1687,0.0,0.0,0.0,0.95,0.0,0.03,0.01
1688,0.0,0.0,0.0,0.96,0.0,0.02,0.01
1689,0.0,0.0,0.0,0.92,0.0,0.07,0.01
1690,0.0,0.0,0.0,0.96,0.0,0.03,0.01
1691,0.0,0.0,0.0,0.96,0.0,0.03,0.01
1692,0.0,0.0,0.0,0.95,0.0,0.04,0.01
1693,0.0,0.0,0.0,0.96,0.0,0.02,0.01
1694,0.0,0.0,0.0,0.97,0.0,0.03,0.0
1695,0.0,0.0,0.0,0.97,0.0,0.03,0.0
1696,0.0,0.0,0.0,0.98,0.0,0.01,0.01
1697,0.0,0.0,0.0,0.97,0.0,0.01,0.01
1698,0.0,0.0,0.0,0.96,0.0,0.02,0.02
1699,0.01,0.0,0.01,0.93,0.0,0.02,0.02
1700,0.0,0.0,0.0,0.98,0.0,0.01,0.01
1701,0.0,0.0,0.0,0.98,0.0,0.01,0.0
1702,0.0,0.0,0.0,0.98,0.0,0.01,0.0
1703,0.0,0.0,0.0,0.97,0.0,0.02,0.0
1704,0.0,0.0,0.0,0.98,0.0,0.01,0.0
1705,0.0,0.0,0.0,0.98,0.0,0.01,0.0
1706,0.0,0.0,0.0,0.98,0.0,0.01,0.0
1707,0.0,0.0,0.0,0.98,0.0,0.01,0.0
1708,0.0,0.0,0.0,1.0,0.0,0.0,0.0
1709,0.0,0.0,0.0,0.97,0.0,0.02,0.0
1710,0.0,0.0,0.0,0.98,0.0,0.01,0.0
1711,0.0,0.0,0.0,0.99,0.0,0.01,0.0
1712,0.0,0.0,0.0,0.96,0.0,0.03,0.0
1713,0.0,0.0,0.0,0.98,0.0,0.02,0.0
1714,0.01,0.0,0.0,0.95,0.0,0.04,0.0
1715,0.0,0.0,0.0,0.96,0.0,0.03,0.0
1716,0.01,0.0,0.0,0.97,0.0,0.02,0.0
1717,0.01,0.0,0.0,0.96,0.0,0.02,0.0
1718,0.01,0.0,0.0,0.95,0.0,0.03,0.0
1719,0.01,0.0,0.0,0.97,0.0,0.02,0.01
1720,0.01,0.0,0.0,0.97,0.0,0.01,0.0
1721,0.01,0.0,0.0,0.97,0.0,0.02,0.0
1722,0.01,0.0,0.0,0.98,0.0,0.01,0.0
1723,0.01,0.0,0.0,0.98,0.0,0.01,0.0
1724,0.0,0.0,0.0,0.97,0.0,0.02,0.0
1725,0.01,0.0,0.0,0.97,0.0,0.02,0.0
1726,0.01,0.0,0.0,0.98,0.0,0.01,0.0
1727,0.01,0.0,0.0,0.97,0.0,0.01,0.01
1728,0.01,0.0,0.0,0.97,0.0,0.01,0.0
1729,0.0,0.0,0.0,0.98,0.0,0.01,0.0
1730,0.0,0.0,0.0,0.96,0.0,0.03,0.0
1731,0.01,0.0,0.0,0.97,0.0,0.01,0.01
1732,0.0,0.0,0.0,0.98,0.0,0.01,0.0
1733,0.01,0.0,0.0,0.97,0.0,0.02,0.0
1734,0.01,0.0,0.0,0.98,0.0,0.01,0.0
1735,0.01,0.0,0.0,0.98,0.0,0.01,0.0
1736,0.0,0.0,0.0,0.98,0.0,0.01,0.0
1737,0.01,0.0,0.0,0.97,0.0,0.01,0.01
1738,0.0,0.0,0.0,0.97,0.0,0.02,0.0
1739,0.01,0.0,0.0,0.97,0.0,0.02,0.0
1740,0.0,0.0,0.0,0.99,0.0,0.01,0.0
1741,0.0,0.0,0.0,0.99,0.0,0.01,0.0
1742,0.01,0.0,0.0,0.98,0.0,0.01,0.0
1743,0.0,0.0,0.0,0.99,0.0,0.01,0.0
1744,0.0,0.0,0.0,0.98,0.0,0.02,0.0
1745,0.01,0.0,0.0,0.96,0.0,0.02,0.0
1746,0.0,0.0,0.0,0.99,0.0,0.01,0.0
1747,0.01,0.0,0.0,0.97,0.0,0.02,0.0
1748,0.01,0.0,0.0,0.97,0.0,0.02,0.0
1749,0.01,0.0,0.0,0.98,0.0,0.01,0.0
1750,0.0,0.0,0.0,0.98,0.0,0.01,0.0
1751,0.0,0.0,0.0,0.99,0.0,0.01,0.0
1752,0.01,0.0,0.0,0.98,0.0,0.01,0.0
1753,0.0,0.0,0.0,0.99,0.0,0.01,0.0
1754,0.01,0.0,0.0,0.98,0.0,0.01,0.0
1755,0.0,0.0,0.0,0.99,0.0,0.01,0.0
1756,0.01,0.0,0.0,0.97,0.0,0.02,0.0
1757,0.01,0.0,0.0,0.98,0.0,0.01,0.0
1758,0.0,0.0,0.0,0.99,0.0,0.01,0.0
1759,0.0,0.0,0.0,0.98,0.0,0.01,0.0
1760,0.0,0.0,0.0,0.99,0.0,0.01,0.0
1761,0.0,0.0,0.0,0.99,0.0,0.01,0.0
1762,0.0,0.0,0.0,0.99,0.0,0.01,0.0
1763,0.0,0.0,0.0,0.99,0.0,0.0,0.0
1764,0.0,0.0,0.0,0.99,0.0,0.01,0.0
1765,0.01,0.0,0.0,0.98,0.0,0.01,0.0
1766,0.0,0.0,0.0,0.99,0.0,0.0,0.0
1767,0.0,0.0,0.0,0.99,0.0,0.0,0.0
1768,0.0,0.0,0.0,0.99,0.0,0.01,0.0
1769,0.0,0.0,0.0,0.99,0.0,0.0,0.0
1770,0.0,0.0,0.0,0.99,0.0,0.01,0.0
1771,0.0,0.0,0.0,0.99,0.0,0.01,0.0
1772,0.0,0.0,0.0,0.99,0.0,0.01,0.0
1773,0.0,0.0,0.0,0.99,0.0,0.0,0.0
1774,0.0,0.0,0.0,0.99,0.0,0.0,0.0
1775,0.01,0.0,0.0,0.99,0.0,0.0,0.0
1776,0.04,0.0,0.0,0.94,0.0,0.01,0.0
1777,0.03,0.0,0.01,0.94,0.0,0.01,0.01
1778,0.01,0.0,0.0,0.98,0.0,0.01,0.0
1779,0.01,0.0,0.01,0.97,0.0,0.01,0.0
1780,0.01,0.0,0.0,0.98,0.0,0.01,0.0
1781,0.0,0.0,0.0,0.99,0.0,0.0,0.0
1782,0.0,0.0,0.0,0.99,0.0,0.0,0.0
1783,0.0,0.0,0.0,0.99,0.0,0.0,0.0
1784,0.0,0.0,0.0,1.0,0.0,0.0,0.0
1785,0.0,0.0,0.0,1.0,0.0,0.0,0.0
1786,0.0,0.0,0.0,1.0,0.0,0.0,0.0
1787,0.0,0.0,0.0,1.0,0.0,0.0,0.0
1788,0.0,0.0,0.0,1.0,0.0,0.0,0.0
1789,0.0,0.0,0.0,1.0,0.0,0.0,0.0
1790,0.0,0.0,0.0,1.0,0.0,0.0,0.0
1791,0.0,0.0,0.0,1.0,0.0,0.0,0.0
1792,0.0,0.0,0.0,1.0,0.0,0.0,0.0
1793,0.0,0.0,0.0,1.0,0.0,0.0,0.0
1794,0.0,0.0,0.0,1.0,0.0,0.0,0.0
1795,0.0,0.0,0.0,1.0,0.0,0.0,0.0
1796,0.0,0.0,0.0,1.0,0.0,0.0,0.0
1797,0.0,0.0,0.0,1.0,0.0,0.0,0.0
1798,0.0,0.0,0.0,1.0,0.0,0.0,0.0
1799,0.0,0.0,0.0,1.0,0.0,0.0,0.0
1800,0.0,0.0,0.0,1.0,0.0,0.0,0.0
1801,0.0,0.0,0.0,1.0,0.0,0.0,0.0
1802,0.0,0.0,0.0,1.0,0.0,0.0,0.0
1803,0.0,0.0,0.0,1.0,0.0,0.0,0.0
1804,0.0,0.0,0.0,0.99,0.0,0.0,0.0
1805,0.0,0.0,0.0,0.99,0.0,0.0,0.0
1806,0.0,0.0,0.0,0.99,0.0,0.0,0.0
1807,0.0,0.0,0.0,0.99,0.0,0.0,0.0
1808,0.0,0.0,0.0,1.0,0.0,0.0,0.0
1809,0.0,0.0,0.0,0.99,0.0,0.0,0.0
1810,0.0,0.0,0.0,0.99,0.0,0.0,0.0
1811,0.0,0.0,0.0,0.99,0.0,0.0,0.0
1812,0.0,0.0,0.0,1.0,0.0,0.0,0.0
1813,0.0,0.0,0.0,1.0,0.0,0.0,0.0
1814,0.0,0.0,0.0,1.0,0.0,0.0,0.0
1815,0.0,0.0,0.0,1.0,0.0,0.0,0.0
1816,0.0,0.0,0.0,1.0,0.0,0.0,0.0
1817,0.0,0.0,0.0,0.99,0.0,0.0,0.0
1818,0.0,0.0,0.0,1.0,0.0,0.0,0.0
1819,0.0,0.0,0.0,0.99,0.0,0.0,0.01
1820,0.0,0.0,0.0,0.99,0.0,0.0,0.01
1821,0.0,0.0,0.0,0.99,0.0,0.0,0.01
1822,0.0,0.0,0.0,0.99,0.0,0.0,0.01
1823,0.0,0.0,0.0,0.96,0.0,0.0,0.03
1824,0.0,0.0,0.01,0.91,0.01,0.0,0.08
1825,0.0,0.0,0.0,0.95,0.0,0.0,0.04
1826,0.0,0.0,0.0,0.95,0.0,0.0,0.04
1827,0.0,0.0,0.0,0.97,0.0,0.0,0.03
1828,0.0,0.0,0.0,0.98,0.0,0.0,0.01
1829,0.0,0.0,0.0,0.98,0.0,0.01,0.01
1830,0.0,0.0,0.0,0.99,0.0,0.0,0.01
1831,0.0,0.0,0.0,0.99,0.0,0.0,0.01
1832,0.0,0.0,0.0,0.99,0.0,0.0,0.0
1833,0.0,0.0,0.0,0.99,0.0,0.0,0.0
1834,0.0,0.0,0.0,0.99,0.0,0.0,0.0
1835,0.0,0.0,0.0,0.99,0.0,0.0,0.0
1836,0.0,0.0,0.0,0.99,0.0,0.0,0.01
1837,0.0,0.0,0.0,0.99,0.0,0.0,0.0
1838,0.0,0.0,0.0,0.99,0.0,0.01,0.01
1839,0.0,0.0,0.0,0.99,0.0,0.0,0.01
1840,0.0,0.0,0.0,0.99,0.0,0.0,0.01
1841,0.0,0.0,0.0,0.99,0.0,0.0,0.0
1842,0.0,0.0,0.0,0.99,0.0,0.0,0.01
1843,0.0,0.0,0.0,0.99,0.0,0.0,0.0
1844,0.0,0.0,0.0,0.99,0.0,0.0,0.01
1845,0.0,0.0,0.0,1.0,0.0,0.0,0.0
1846,0.0,0.0,0.0,0.99,0.0,0.0,0.0
1847,0.0,0.0,0.0,0.99,0.0,0.0,0.0
1848,0.0,0.0,0.0,0.99,0.0,0.01,0.01
1849,0.0,0.0,0.0,0.99,0.0,0.01,0.0
1850,0.0,0.0,0.0,0.99,0.0,0.0,0.0
1851,0.0,0.0,0.0,0.99,0.0,0.0,0.0
1852,0.0,0.0,0.0,0.98,0.0,0.01,0.01
1853,0.01,0.0,0.0,0.95,0.0,0.03,0.01
1854,0.0,0.0,0.0,0.99,0.0,0.01,0.0
1855,0.0,0.0,0.0,0.99,0.0,0.0,0.01
1856,0.0,0.0,0.0,0.98,0.0,0.01,0.01
1857,0.0,0.0,0.0,0.99,0.0,0.0,0.0
1858,0.0,0.0,0.0,0.98,0.0,0.01,0.0
1859,0.0,0.0,0.0,0.99,0.0,0.0,0.0
1860,0.0,0.0,0.0,0.98,0.0,0.01,0.0
1861,0.0,0.0,0.0,0.98,0.0,0.01,0.01
1862,0.0,0.0,0.0,0.98,0.0,0.01,0.01
1863,0.0,0.0,0.0,0.99,0.0,0.01,0.0
1864,0.0,0.0,0.0,0.97,0.0,0.02,0.01
1865,0.0,0.0,0.0,0.99,0.0,0.01,0.0
1866,0.0,0.0,0.0,0.99,0.0,0.01,0.0
1867,0.0,0.0,0.0,0.98,0.0,0.01,0.01
1868,0.0,0.0,0.0,0.99,0.0,0.0,0.0
1869,0.01,0.0,0.0,0.98,0.0,0.01,0.01
1870,0.0,0.0,0.0,0.97,0.0,0.01,0.01
1871,0.0,0.0,0.0,0.98,0.0,0.01,0.0
1872,0.01,0.0,0.0,0.96,0.0,0.02,0.0
1873,0.0,0.0,0.0,0.98,0.0,0.01,0.0
1874,0.0,0.0,0.0,0.98,0.0,0.01,0.01
1875,0.01,0.0,0.0,0.95,0.0,0.02,0.01
1876,0.01,0.0,0.0,0.97,0.0,0.02,0.0
1877,0.0,0.0,0.0,0.98,0.0,0.02,0.0
1878,0.01,0.0,0.01,0.92,0.0,0.05,0.01
1879,0.0,0.0,0.0,0.96,0.0,0.02,0.0
1880,0.0,0.0,0.0,0.99,0.0,0.01,0.0
1881,0.0,0.0,0.0,0.96,0.0,0.02,0.01
1882,0.01,0.0,0.01,0.93,0.0,0.03,0.02
1883,0.0,0.0,0.0,0.97,0.0,0.01,0.01
1884,0.0,0.0,0.0,0.96,0.0,0.03,0.0
1885,0.0,0.0,0.0,0.98,0.0,0.01,0.01
1886,0.01,0.0,0.03,0.89,0.01,0.02,0.04
1887,0.03,0.0,0.09,0.54,0.05,0.02,0.27
1888,0.06,0.0,0.1,0.38,0.09,0.01,0.35
1889,0.11,0.0,0.23,0.06,0.27,0.01,0.33
1890,0.12,0.0,0.31,0.07,0.24,0.02,0.25
1891,0.12,0.0,0.15,0.15,0.16,0.03,0.39
1892,0.19,0.0,0.27,0.05,0.22,0.02,0.26
1893,0.13,0.0,0.24,0.04,0.29,0.02,0.28
1894,0.17,0.0,0.21,0.16,0.21,0.03,0.22
1895,0.25,0.0,0.21,0.04,0.23,0.03,0.24
1896,0.1,0.0,0.11,0.09,0.16,0.02,0.52
1897,0.08,0.0,0.19,0.13,0.19,0.03,0.38
1898,0.15,0.0,0.14,0.09,0.2,0.01,0.4
1899,0.1,0.0,0.19,0.19,0.15,0.04,0.33
1900,0.1,0.0,0.13,0.24,0.12,0.03,0.38
1901,0.14,0.0,0.21,0.16,0.12,0.06,0.31
1902,0.08,0.0,0.14,0.33,0.12,0.04,0.29
1903,0.2,0.0,0.18,0.12,0.15,0.02,0.33
1904,0.08,0.0,0.15,0.33,0.1,0.02,0.32
1905,0.09,0.0,0.21,0.17,0.15,0.03,0.34
1906,0.15,0.0,0.14,0.16,0.18,0.01,0.36
1907,0.08,0.0,0.13,0.42,0.07,0.03,0.27
1908,0.06,0.0,0.14,0.19,0.14,0.01,0.46
1909,0.11,0.0,0.1,0.17,0.11,0.01,0.51
1910,0.1,0.0,0.09,0.3,0.08,0.02,0.41
1911,0.08,0.0,0.12,0.26,0.09,0.01,0.44
1912,0.13,0.0,0.09,0.21,0.08,0.01,0.48
1913,0.08,0.0,0.13,0.26,0.1,0.01,0.43
1914,0.08,0.0,0.11,0.26,0.08,0.01,0.47
1915,0.06,0.0,0.06,0.46,0.04,0.01,0.37
1916,0.05,0.0,0.06,0.42,0.06,0.01,0.4
1917,0.05,0.0,0.1,0.29,0.1,0.01,0.46
1918,0.12,0.0,0.08,0.18,0.11,0.01,0.51
1919,0.07,0.0,0.11,0.09,0.13,0.01,0.6
1920,0.05,0.0,0.11,0.19,0.1,0.0,0.54
1921,0.09,0.0,0.06,0.06,0.09,0.0,0.7
1922,0.06,0.0,0.09,0.06,0.13,0.0,0.65
1923,0.04,0.0,0.04,0.06,0.09,0.0,0.77
1924,0.07,0.0,0.04,0.05,0.09,0.0,0.75
1925,0.05,0.0,0.06,0.06,0.19,0.0,0.63
1926,0.14,0.0,0.13,0.07,0.3,0.0,0.36
1927,0.26,0.0,0.14,0.07,0.31,0.0,0.21
1928,0.2,0.01,0.22,0.08,0.33,0.0,0.16
1929,0.34,0.0,0.06,0.44,0.1,0.0,0.05
1930,0.31,0.0,0.07,0.47,0.08,0.0,0.06
1931,0.05,0.0,0.01,0.9,0.02,0.01,0.02
1932,0.04,0.0,0.01,0.92,0.01,0.0,0.02
1933,0.1,0.0,0.02,0.79,0.02,0.0,0.06
1934,0.09,0.0,0.02,0.82,0.03,0.01,0.04
1935,0.3,0.0,0.05,0.57,0.03,0.01,0.05
1936,0.08,0.0,0.02,0.81,0.04,0.01,0.04
1937,0.07,0.0,0.02,0.82,0.05,0.01,0.04
1938,0.12,0.0,0.02,0.79,0.04,0.01,0.03
1939,0.16,0.0,0.02,0.77,0.03,0.0,0.01
1940,0.13,0.01,0.01,0.8,0.02,0.0,0.02
1941,0.26,0.01,0.02,0.67,0.02,0.0,0.02
1942,0.1,0.0,0.01,0.82,0.02,0.01,0.04
1943,0.2,0.0,0.03,0.71,0.02,0.01,0.04
1944,0.02,0.0,0.01,0.95,0.01,0.0,0.02
1945,0.08,0.0,0.07,0.75,0.05,0.0,0.05
1946,0.02,0.0,0.01,0.95,0.01,0.0,0.01
1947,0.01,0.0,0.01,0.96,0.0,0.0,0.01
1948,0.02,0.0,0.01,0.96,0.0,0.0,0.01
1949,0.0,0.0,0.0,0.99,0.0,0.0,0.0
1950,0.0,0.0,0.0,0.99,0.0,0.0,0.0
1951,0.0,0.0,0.0,0.99,0.0,0.0,0.01
1952,0.0,0.0,0.0,0.99,0.0,0.0,0.01
1953,0.0,0.0,0.0,0.97,0.0,0.0,0.02
1954,0.0,0.0,0.0,0.94,0.0,0.0,0.05
1955,0.0,0.0,0.01,0.9,0.0,0.0,0.09
1956,0.01,0.0,0.03,0.6,0.02,0.01,0.33
1957,0.02,0.0,0.04,0.51,0.03,0.01,0.4
1958,0.02,0.0,0.03,0.24,0.07,0.01,0.63
1959,0.02,0.0,0.05,0.19,0.14,0.0,0.59
1960,0.01,0.0,0.03,0.18,0.06,0.0,0.71
1961,0.02,0.0,0.03,0.12,0.07,0.0,0.76
1962,0.02,0.0,0.04,0.32,0.07,0.01,0.55
1963,0.02,0.0,0.05,0.27,0.11,0.01,0.54
1964,0.04,0.0,0.08,0.2,0.18,0.02,0.48
1965,0.04,0.0,0.07,0.37,0.09,0.01,0.41
1966,0.04,0.0,0.1,0.21,0.17,0.02,0.46
1967,0.03,0.0,0.08,0.37,0.08,0.02,0.42
1968,0.03,0.0,0.05,0.33,0.09,0.01,0.5
1969,0.07,0.0,0.07,0.11,0.24,0.01,0.5
1970,0.04,0.0,0.07,0.18,0.18,0.01,0.53
1971,0.06,0.0,0.11,0.17,0.16,0.02,0.49
1972,0.1,0.0,0.14,0.11,0.21,0.02,0.42
1973,0.11,0.0,0.25,0.19,0.28,0.02,0.15
1974,0.19,0.0,0.23,0.05,0.44,0.01,0.08
1975,0.14,0.01,0.26,0.02,0.49,0.01,0.07
1976,0.13,0.01,0.26,0.01,0.49,0.01,0.1
1977,0.15,0.01,0.34,0.01,0.39,0.01,0.1
1978,0.24,0.0,0.32,0.01,0.37,0.01,0.05
1979,0.18,0.0,0.5,0.0,0.23,0.02,0.06
1980,0.15,0.0,0.39,0.01,0.38,0.01,0.06
1981,0.14,0.0,0.47,0.0,0.31,0.02,0.05
1982,0.2,0.0,0.45,0.02,0.22,0.04,0.06
1983,0.27,0.0,0.32,0.04,0.24,0.04,0.09
1984,0.46,0.0,0.24,0.02,0.22,0.03,0.03
1985,0.22,0.0,0.4,0.02,0.31,0.03,0.02
1986,0.37,0.0,0.28,0.04,0.24,0.05,0.03
1987,0.32,0.0,0.3,0.03,0.27,0.04,0.03
1988,0.29,0.0,0.34,0.02,0.3,0.03,0.02
1989,0.3,0.0,0.33,0.02,0.27,0.05,0.03
1990,0.27,0.0,0.39,0.02,0.26,0.04,0.03
1991,0.34,0.0,0.39,0.02,0.16,0.06,0.03
1992,0.29,0.0,0.37,0.04,0.19,0.08,0.03
1993,0.23,0.0,0.36,0.01,0.3,0.07,0.02
1994,0.27,0.0,0.33,0.01,0.34,0.03,0.02
1995,0.24,0.0,0.36,0.01,0.35,0.02,0.02
1996,0.19,0.0,0.42,0.01,0.34,0.02,0.02
1997,0.25,0.0,0.32,0.0,0.4,0.01,0.02
1998,0.17,0.0,0.22,0.01,0.55,0.01,0.04
1999,0.2,0.0,0.23,0.0,0.52,0.01,0.04
2000,0.23,0.0,0.15,0.0,0.59,0.0,0.02
2001,0.17,0.0,0.14,0.01,0.63,0.02,0.03
2002,0.15,0.0,0.17,0.01,0.64,0.01,0.03
2003,0.15,0.0,0.16,0.02,0.61,0.01,0.05
2004,0.09,0.0,0.16,0.01,0.67,0.01,0.06
2005,0.13,0.0,0.16,0.02,0.64,0.01,0.03
2006,0.1,0.01,0.1,0.01,0.72,0.01,0.05
2007,0.08,0.0,0.26,0.01,0.55,0.01,0.1
2008,0.11,0.0,0.13,0.06,0.58,0.01,0.1
2009,0.13,0.0,0.18,0.06,0.55,0.01,0.07
2010,0.15,0.01,0.22,0.06,0.47,0.01,0.08
2011,0.12,0.01,0.14,0.18,0.43,0.01,0.11
2012,0.13,0.0,0.28,0.16,0.34,0.03,0.06
2013,0.17,0.0,0.29,0.09,0.35,0.03,0.06
2014,0.1,0.0,0.3,0.1,0.42,0.03,0.04
2015,0.07,0.0,0.37,0.14,0.32,0.06,0.04
2016,0.14,0.0,0.22,0.21,0.34,0.03,0.06
2017,0.14,0.0,0.25,0.14,0.39,0.01,0.07
2018,0.07,0.0,0.35,0.15,0.26,0.08,0.08
2019,0.04,0.0,0.49,0.08,0.24,0.11,0.04
2020,0.07,0.0,0.34,0.19,0.28,0.06,0.05
2021,0.09,0.0,0.38,0.13,0.3,0.04,0.06
2022,0.05,0.0,0.36,0.28,0.18,0.07,0.06
2023,0.06,0.0,0.31,0.32,0.17,0.08,0.06
2024,0.1,0.0,0.26,0.25,0.26,0.05,0.09
2025,0.13,0.0,0.24,0.41,0.12,0.06,0.05
2026,0.05,0.0,0.05,0.79,0.03,0.02,0.07
2027,0.05,0.0,0.02,0.89,0.01,0.01,0.02
2028,0.05,0.0,0.02,0.89,0.02,0.0,0.01
2029,0.06,0.0,0.02,0.89,0.01,0.0,0.01
2030,0.2,0.0,0.03,0.72,0.02,0.01,0.02
2031,0.05,0.0,0.02,0.9,0.02,0.0,0.02
2032,0.09,0.0,0.01,0.87,0.01,0.0,0.01
2033,0.1,0.0,0.02,0.85,0.01,0.01,0.01
2034,0.07,0.0,0.02,0.86,0.02,0.0,0.01
2035,0.08,0.0,0.03,0.88,0.01,0.0,0.01
2036,0.08,0.0,0.02,0.88,0.01,0.0,0.01
2037,0.14,0.0,0.04,0.75,0.04,0.01,0.02
2038,0.07,0.0,0.02,0.88,0.01,0.0,0.02
2039,0.02,0.0,0.01,0.93,0.01,0.01,0.02
2040,0.02,0.0,0.01,0.95,0.0,0.01,0.01
2041,0.02,0.0,0.02,0.92,0.0,0.02,0.02
2042,0.03,0.0,0.01,0.91,0.01,0.02,0.02
2043,0.02,0.0,0.01,0.94,0.0,0.02,0.01
2044,0.02,0.0,0.02,0.91,0.01,0.02,0.03
2045,0.02,0.0,0.02,0.91,0.01,0.02,0.02
2046,0.04,0.0,0.02,0.88,0.01,0.02,0.02
2047,0.02,0.0,0.02,0.93,0.0,0.01,0.02
2048,0.1,0.0,0.08,0.66,0.04,0.04,0.07
2049,0.05,0.0,0.02,0.88,0.01,0.01,0.03
2050,0.05,0.0,0.02,0.88,0.01,0.02,0.02
2051,0.05,0.0,0.02,0.87,0.02,0.01,0.03
2052,0.02,0.0,0.0,0.95,0.0,0.01,0.01
2053,0.04,0.0,0.01,0.92,0.01,0.01,0.01
2054,0.11,0.0,0.01,0.86,0.01,0.0,0.0
2055,0.09,0.0,0.01,0.88,0.01,0.0,0.0
2056,0.14,0.0,0.02,0.82,0.01,0.0,0.0
2057,0.17,0.0,0.03,0.79,0.01,0.0,0.0
2058,0.12,0.0,0.02,0.85,0.01,0.0,0.0
2059,0.27,0.0,0.03,0.68,0.01,0.01,0.0
2060,0.13,0.0,0.01,0.84,0.01,0.0,0.0
2061,0.26,0.0,0.02,0.7,0.01,0.0,0.0
2062,0.32,0.0,0.03,0.62,0.02,0.0,0.01
2063,0.18,0.0,0.03,0.76,0.02,0.0,0.01
2064,0.04,0.0,0.01,0.93,0.01,0.0,0.01
2065,0.01,0.0,0.0,0.97,0.0,0.0,0.0
2066,0.02,0.0,0.01,0.95,0.01,0.0,0.01
2067,0.0,0.0,0.0,0.99,0.0,0.0,0.0
2068,0.04,0.0,0.02,0.9,0.0,0.03,0.01
2069,0.11,0.0,0.07,0.74,0.01,0.05,0.02
2070,0.07,0.0,0.02,0.83,0.01,0.04,0.03
2071,0.07,0.0,0.05,0.78,0.01,0.05,0.05
2072,0.11,0.0,0.08,0.67,0.02,0.04,0.07
2073,0.19,0.0,0.09,0.56,0.02,0.08,0.06
2074,0.1,0.0,0.08,0.67,0.02,0.09,0.04
2075,0.11,0.0,0.07,0.66,0.03,0.03,0.09
2076,0.13,0.0,0.07,0.65,0.02,0.07,0.06
2077,0.16,0.0,0.09,0.6,0.02,0.07,0.06
2078,0.05,0.0,0.04,0.79,0.01,0.05,0.05
2079,0.07,0.0,0.05,0.72,0.01,0.07,0.07
2080,0.1,0.0,0.08,0.67,0.03,0.04,0.08
2081,0.21,0.0,0.1,0.46,0.07,0.07,0.1
2082,0.16,0.0,0.1,0.56,0.03,0.08,0.06
2083,0.21,0.0,0.18,0.36,0.07,0.09,0.09
2084,0.15,0.0,0.14,0.43,0.07,0.07,0.15
2085,0.13,0.0,0.09,0.59,0.03,0.06,0.1
2086,0.08,0.0,0.08,0.55,0.02,0.11,0.16
2087,0.13,0.0,0.11,0.52,0.03,0.08,0.12
2088,0.23,0.0,0.15,0.35,0.03,0.14,0.1
2089,0.2,0.0,0.2,0.33,0.05,0.11,0.1
2090,0.07,0.0,0.08,0.66,0.02,0.11,0.08
2091,0.17,0.0,0.15,0.47,0.04,0.1,0.07
2092,0.15,0.0,0.12,0.47,0.06,0.04,0.17
2093,0.13,0.0,0.11,0.54,0.03,0.11,0.08
2094,0.1,0.0,0.13,0.54,0.03,0.12,0.08
2095,0.13,0.0,0.16,0.44,0.06,0.08,0.14
2096,0.18,0.0,0.21,0.3,0.04,0.14,0.13
2097,0.18,0.0,0.22,0.36,0.05,0.11,0.08
2098,0.17,0.0,0.18,0.42,0.03,0.13,0.07
2099,0.13,0.0,0.14,0.53,0.02,0.12,0.06
2100,0.08,0.0,0.13,0.56,0.04,0.07,0.12
