normalize,fear,happy
0,0.02,0.22
20,0.02,0.06
40,0.01,0.06
59,0.03,0.04
79,0.02,0.12
99,0.03,0.03
119,0.02,0.02
139,0.0,0.07
158,0.02,0.09
178,0.02,0.07
198,0.03,0.06
218,0.02,0.05
238,0.01,0.03
257,0.02,0.04
277,0.02,0.04
297,0.01,0.06
317,0.03,0.04
336,0.03,0.03
356,0.02,0.04
376,0.03,0.03
396,0.02,0.06
416,0.03,0.01
435,0.02,0.04
455,0.02,0.01
475,0.06,0.01
495,0.02,0.0
515,0.02,0.0
534,0.03,0.0
554,0.04,0.0
574,0.03,0.01
594,0.02,0.0
614,0.06,0.0
633,0.02,0.0
653,0.04,0.0
673,0.02,0.0
693,0.02,0.0
713,0.04,0.0
732,0.02,0.0
752,0.03,0.0
772,0.03,0.0
792,0.05,0.0
812,0.02,0.0
831,0.04,0.0
851,0.05,0.0
871,0.03,0.0
891,0.04,0.0
910,0.01,0.0
930,0.03,0.0
950,0.02,0.0
970,0.02,0.0
990,0.01,0.0
1009,0.02,0.0
1029,0.03,0.0
1049,0.01,0.0
1069,0.04,0.0
1089,0.03,0.0
1108,0.01,0.0
1128,0.02,0.0
1148,0.01,0.0
1168,0.01,0.0
1188,0.01,0.0
1207,0.01,0.0
1227,0.02,0.0
1247,0.02,0.0
1267,0.04,0.0
1287,0.02,0.0
1306,0.03,0.0
1326,0.03,0.0
1346,0.04,0.0
1366,0.02,0.0
1386,0.02,0.0
1405,0.02,0.0
1425,0.02,0.0
1445,0.03,0.0
1465,0.01,0.0
1484,0.04,0.0
1504,0.02,0.0
1524,0.04,0.0
1544,0.03,0.0
1564,0.01,0.0
1583,0.01,0.0
1603,0.02,0.0
1623,0.02,0.0
1643,0.01,0.0
1663,0.03,0.0
1682,0.01,0.0
1702,0.02,0.0
1722,0.05,0.0
1742,0.05,0.0
1762,0.02,0.0
1781,0.03,0.0
1801,0.03,0.0
1821,0.02,0.0
1841,0.07,0.0
1861,0.05,0.0
1880,0.06,0.0
1900,0.04,0.0
1920,0.06,0.0
1940,0.04,0.0
1960,0.09,0.0
1979,0.02,0.0
1999,0.05,0.0
2019,0.05,0.0
2039,0.04,0.0
2058,0.04,0.0
2078,0.04,0.0
2098,0.03,0.0
2118,0.04,0.0
2138,0.07,0.0
2157,0.03,0.0
2177,0.02,0.0
2197,0.03,0.0
2217,0.02,0.0
2237,0.05,0.0
2256,0.03,0.0
2276,0.04,0.0
2296,0.03,0.0
2316,0.06,0.0
2336,0.04,0.0
2355,0.07,0.0
2375,0.04,0.0
2395,0.04,0.0
2415,0.01,0.0
2435,0.03,0.01
2454,0.01,0.0
2474,0.01,0.0
2494,0.02,0.0
2514,0.02,0.0
2534,0.01,0.0
2553,0.02,0.0
2573,0.04,0.0
2593,0.02,0.0
2613,0.03,0.0
2633,0.01,0.0
2652,0.04,0.0
2672,0.02,0.0
2692,0.02,0.0
2712,0.02,0.0
2731,0.03,0.0
2751,0.04,0.0
2771,0.03,0.0
2791,0.03,0.0
2811,0.02,0.0
2830,0.04,0.0
2850,0.01,0.0
2870,0.02,0.0
2890,0.02,0.0
2910,0.03,0.0
2929,0.02,0.0
2949,0.02,0.0
2969,0.04,0.0
2989,0.01,0.0
3009,0.03,0.0
3028,0.02,0.0
3048,0.03,0.0
3068,0.02,0.0
3088,0.04,0.0
3108,0.03,0.0
3127,0.03,0.0
3147,0.04,0.0
3167,0.04,0.0
3187,0.04,0.0
3207,0.03,0.0
3226,0.03,0.0
3246,0.03,0.0
3266,0.04,0.0
3286,0.04,0.0
3305,0.03,0.0
3325,0.04,0.0
3345,0.01,0.0
3365,0.02,0.0
3385,0.04,0.0
3404,0.06,0.0
3424,0.03,0.0
3444,0.05,0.0
3464,0.04,0.0
3484,0.05,0.0
3503,0.04,0.0
3523,0.02,0.0
3543,0.02,0.0
3563,0.03,0.0
3583,0.03,0.0
3602,0.07,0.0
3622,0.04,0.0
3642,0.04,0.0
3662,0.02,0.0
3682,0.04,0.0
3701,0.02,0.0
3721,0.03,0.0
3741,0.06,0.0
3761,0.02,0.0
3781,0.02,0.0
3800,0.04,0.0
3820,0.02,0.0
3840,0.05,0.0
3860,0.02,0.0
3879,0.03,0.0
3899,0.06,0.0
3919,0.04,0.0
3939,0.06,0.0
3959,0.08,0.0
3978,0.03,0.0
3998,0.02,0.0
4018,0.05,0.0
4038,0.02,0.0
4058,0.04,0.0
4077,0.03,0.0
4097,0.03,0.0
4117,0.04,0.0
4137,0.02,0.0
4157,0.04,0.0
4176,0.03,0.0
4196,0.03,0.0
4216,0.02,0.0
4236,0.02,0.0
4256,0.03,0.0
4275,0.03,0.0
4295,0.04,0.0
4315,0.03,0.0
4335,0.02,0.0
4355,0.02,0.0
4374,0.03,0.0
4394,0.02,0.0
4414,0.05,0.0
4434,0.02,0.0
4453,0.04,0.0
4473,0.03,0.0
4493,0.02,0.0
4513,0.04,0.0
4533,0.02,0.0
4552,0.03,0.0
4572,0.02,0.0
4592,0.04,0.0
4612,0.03,0.0
4632,0.03,0.0
4651,0.03,0.0
4671,0.03,0.0
4691,0.03,0.0
4711,0.03,0.0
4731,0.04,0.0
4750,0.02,0.0
4770,0.03,0.0
4790,0.05,0.0
4810,0.07,0.0
4830,0.04,0.0
4849,0.04,0.0
4869,0.08,0.0
4889,0.03,0.0
4909,0.02,0.0
4929,0.01,0.0
4948,0.03,0.0
4968,0.03,0.0
4988,0.04,0.0
5008,0.03,0.0
5027,0.05,0.0
5047,0.03,0.0
5067,0.05,0.0
5087,0.04,0.0
5107,0.03,0.0
5126,0.05,0.0
5146,0.1,0.0
5166,0.03,0.0
5186,0.04,0.0
5206,0.05,0.0
5225,0.03,0.0
5245,0.04,0.0
5265,0.05,0.0
5285,0.02,0.0
5305,0.05,0.01
5324,0.04,0.01
5344,0.05,0.01
5364,0.02,0.01
5384,0.04,0.0
5404,0.04,0.01
5423,0.05,0.01
5443,0.02,0.0
5463,0.02,0.0
5483,0.04,0.0
5503,0.02,0.0
5522,0.01,0.0
5542,0.01,0.0
5562,0.04,0.0
5582,0.02,0.0
5601,0.07,0.0
5621,0.03,0.0
5641,0.04,0.0
5661,0.03,0.0
5681,0.02,0.0
5700,0.02,0.0
5720,0.07,0.0
5740,0.02,0.0
5760,0.03,0.0
5780,0.04,0.0
5799,0.04,0.0
5819,0.02,0.0
5839,0.08,0.0
5859,0.04,0.0
5879,0.05,0.0
5898,0.04,0.0
5918,0.06,0.0
5938,0.03,0.0
5958,0.04,0.0
5978,0.03,0.0
5997,0.04,0.0
6017,0.03,0.0
6037,0.03,0.0
6057,0.03,0.0
6077,0.02,0.0
6096,0.04,0.0
6116,0.02,0.0
6136,0.04,0.0
6156,0.06,0.0
6175,0.03,0.0
6195,0.02,0.0
6215,0.03,0.0
6235,0.04,0.0
6255,0.03,0.0
6274,0.06,0.0
6294,0.04,0.0
6314,0.04,0.0
6334,0.04,0.0
6354,0.05,0.0
6373,0.04,0.0
6393,0.04,0.0
6413,0.03,0.0
6433,0.04,0.0
6453,0.04,0.0
6472,0.04,0.0
6492,0.06,0.0
6512,0.05,0.0
6532,0.07,0.0
6552,0.04,0.0
6571,0.06,0.0
6591,0.03,0.0
6611,0.04,0.0
6631,0.04,0.0
6651,0.04,0.0
6670,0.04,0.0
6690,0.05,0.0
6710,0.04,0.0
6730,0.04,0.0
6750,0.04,0.0
6769,0.05,0.0
6789,0.05,0.0
6809,0.06,0.0
6829,0.05,0.0
6848,0.04,0.0
6868,0.03,0.0
6888,0.04,0.0
6908,0.06,0.0
6928,0.06,0.0
6947,0.03,0.0
6967,0.03,0.0
6987,0.05,0.0
7007,0.05,0.0
7027,0.04,0.0
7046,0.05,0.0
7066,0.05,0.0
7086,0.04,0.0
7106,0.04,0.0
7126,0.04,0.0
7145,0.06,0.0
7165,0.05,0.0
7185,0.04,0.0
7205,0.07,0.0
7225,0.05,0.0
7244,0.05,0.0
7264,0.04,0.0
7284,0.06,0.0
7304,0.07,0.0
7324,0.04,0.0
7343,0.07,0.0
7363,0.06,0.0
7383,0.08,0.0
7403,0.03,0.0
7422,0.06,0.0
7442,0.04,0.0
7462,0.05,0.0
7482,0.07,0.0
7502,0.05,0.0
7521,0.03,0.0
7541,0.05,0.0
7561,0.05,0.0
7581,0.04,0.0
7601,0.05,0.0
7620,0.05,0.0
7640,0.06,0.0
7660,0.04,0.0
7680,0.04,0.0
7700,0.04,0.0
7719,0.05,0.0
7739,0.06,0.0
7759,0.03,0.0
7779,0.04,0.0
7799,0.04,0.0
7818,0.06,0.0
7838,0.05,0.0
7858,0.08,0.0
7878,0.07,0.0
7898,0.04,0.0
7917,0.02,0.0
7937,0.02,0.0
7957,0.02,0.0
7977,0.05,0.0
7996,0.04,0.0
8016,0.01,0.0
8036,0.05,0.0
8056,0.06,0.0
8076,0.05,0.0
8095,0.07,0.0
8115,0.03,0.0
8135,0.07,0.0
8155,0.07,0.0
8175,0.09,0.0
8194,0.05,0.0
8214,0.05,0.0
8234,0.03,0.0
8254,0.05,0.0
8274,0.07,0.0
8293,0.09,0.0
8313,0.07,0.0
8333,0.09,0.0
8353,0.04,0.0
8373,0.04,0.0
8392,0.05,0.0
8412,0.08,0.0
8432,0.06,0.0
8452,0.04,0.0
8472,0.05,0.0
8491,0.05,0.0
8511,0.05,0.0
8531,0.03,0.0
8551,0.04,0.0
8570,0.02,0.0
8590,0.04,0.0
8610,0.06,0.0
8630,0.06,0.0
8650,0.07,0.0
8669,0.03,0.0
8689,0.05,0.0
8709,0.03,0.0
8729,0.05,0.0
8749,0.05,0.0
8768,0.06,0.0
8788,0.04,0.0
8808,0.07,0.0
8828,0.06,0.0
8848,0.06,0.0
8867,0.03,0.0
8887,0.08,0.0
8907,0.08,0.0
8927,0.06,0.0
8947,0.04,0.0
8966,0.04,0.0
8986,0.05,0.0
9006,0.07,0.0
9026,0.04,0.0
9046,0.06,0.0
9065,0.13,0.0
9085,0.12,0.0
9105,0.07,0.0
9125,0.09,0.0
9144,0.04,0.0
9164,0.06,0.0
9184,0.06,0.0
9204,0.08,0.0
9224,0.11,0.0
9243,0.05,0.0
9263,0.04,0.0
9283,0.12,0.0
9303,0.08,0.0
9323,0.06,0.0
9342,0.08,0.0
9362,0.1,0.0
9382,0.08,0.0
9402,0.06,0.0
9422,0.06,0.0
9441,0.06,0.0
9461,0.09,0.0
9481,0.04,0.0
9501,0.08,0.0
9521,0.06,0.0
9540,0.05,0.0
9560,0.05,0.0
9580,0.08,0.0
9600,0.12,0.0
9620,0.09,0.0
9639,0.02,0.0
9659,0.06,0.0
9679,0.03,0.0
9699,0.08,0.0
9718,0.05,0.0
9738,0.06,0.0
9758,0.09,0.0
9778,0.05,0.0
9798,0.06,0.0
9817,0.06,0.0
9837,0.04,0.0
9857,0.09,0.0
9877,0.05,0.0
9897,0.03,0.0
9916,0.02,0.0
9936,0.03,0.0
9956,0.02,0.0
9976,0.05,0.0
9996,0.02,0.0
10015,0.05,0.0
10035,0.05,0.0
10055,0.03,0.0
10075,0.05,0.0
10095,0.04,0.0
10114,0.05,0.0
10134,0.05,0.0
10154,0.03,0.0
10174,0.13,0.0
10194,0.04,0.0
10213,0.08,0.0
10233,0.08,0.0
10253,0.04,0.0
10273,0.09,0.0
10292,0.04,0.0
10312,0.04,0.0
10332,0.06,0.0
10352,0.05,0.0
10372,0.03,0.0
10391,0.05,0.0
10411,0.03,0.0
10431,0.04,0.0
10451,0.02,0.0
10471,0.09,0.0
10490,0.03,0.0
10510,0.05,0.0
10530,0.06,0.0
10550,0.08,0.0
10570,0.04,0.0
10589,0.04,0.0
10609,0.07,0.0
10629,0.07,0.0
10649,0.05,0.0
10669,0.06,0.0
10688,0.07,0.0
10708,0.06,0.0
10728,0.06,0.0
10748,0.05,0.0
10768,0.05,0.0
10787,0.06,0.0
10807,0.11,0.0
10827,0.08,0.0
10847,0.04,0.0
10866,0.12,0.0
10886,0.02,0.0
10906,0.12,0.0
10926,0.05,0.0
10946,0.11,0.0
10965,0.08,0.0
10985,0.07,0.0
11005,0.04,0.0
11025,0.05,0.0
11045,0.06,0.0
11064,0.02,0.0
11084,0.07,0.0
11104,0.06,0.0
11124,0.03,0.0
11144,0.05,0.0
11163,0.06,0.0
11183,0.06,0.0
11203,0.04,0.0
11223,0.03,0.0
11243,0.03,0.0
11262,0.06,0.0
11282,0.08,0.0
11302,0.02,0.0
11322,0.09,0.0
11342,0.04,0.0
11361,0.04,0.0
11381,0.04,0.0
11401,0.04,0.0
11421,0.06,0.0
11441,0.05,0.0
11460,0.03,0.0
11480,0.06,0.0
11500,0.04,0.0
11520,0.05,0.0
11539,0.06,0.0
11559,0.03,0.0
11579,0.04,0.0
11599,0.05,0.0
11619,0.02,0.0
11638,0.06,0.0
11658,0.03,0.0
11678,0.03,0.0
11698,0.04,0.0
11718,0.02,0.0
11737,0.06,0.0
11757,0.05,0.0
11777,0.04,0.0
11797,0.02,0.0
11817,0.04,0.0
11836,0.05,0.0
11856,0.05,0.0
11876,0.05,0.0
11896,0.02,0.0
11916,0.03,0.0
11935,0.04,0.0
11955,0.06,0.0
11975,0.04,0.0
11995,0.03,0.0
12015,0.02,0.0
12034,0.03,0.0
12054,0.05,0.0
12074,0.02,0.0
12094,0.04,0.0
12113,0.03,0.0
12133,0.04,0.0
12153,0.02,0.0
12173,0.03,0.0
12193,0.06,0.0
12212,0.03,0.0
12232,0.06,0.0
12252,0.03,0.0
12272,0.1,0.0
12292,0.03,0.0
12311,0.03,0.0
12331,0.03,0.0
12351,0.04,0.0
12371,0.04,0.0
12391,0.03,0.0
12410,0.03,0.0
12430,0.02,0.0
12450,0.03,0.0
12470,0.03,0.0
12490,0.08,0.0
12509,0.02,0.0
12529,0.03,0.0
12549,0.05,0.0
12569,0.06,0.0
12589,0.03,0.0
12608,0.03,0.0
12628,0.06,0.0
12648,0.04,0.0
12668,0.05,0.0
12687,0.06,0.0
12707,0.06,0.0
12727,0.04,0.0
12747,0.1,0.0
12767,0.03,0.0
12786,0.05,0.0
12806,0.05,0.0
12826,0.03,0.0
12846,0.04,0.0
12866,0.02,0.0
12885,0.04,0.0
12905,0.04,0.0
12925,0.04,0.0
12945,0.03,0.0
12965,0.05,0.0
12984,0.02,0.0
13004,0.06,0.0
13024,0.07,0.0
13044,0.04,0.0
13064,0.05,0.0
13083,0.02,0.0
13103,0.05,0.0
13123,0.03,0.0
13143,0.06,0.0
13163,0.03,0.0
13182,0.06,0.0
13202,0.09,0.0
13222,0.02,0.0
13242,0.05,0.0
13261,0.05,0.0
13281,0.06,0.0
13301,0.03,0.0
13321,0.04,0.0
13341,0.05,0.0
13360,0.04,0.0
13380,0.04,0.0
13400,0.06,0.0
13420,0.04,0.0
13440,0.02,0.0
13459,0.02,0.0
13479,0.02,0.0
13499,0.03,0.0
13519,0.06,0.0
13539,0.03,0.0
13558,0.03,0.0
13578,0.01,0.0
13598,0.02,0.0
13618,0.02,0.0
13638,0.02,0.0
13657,0.03,0.0
13677,0.01,0.0
13697,0.03,0.0
13717,0.03,0.0
13737,0.03,0.0
13756,0.03,0.0
13776,0.02,0.0
13796,0.01,0.0
13816,0.02,0.0
13835,0.05,0.0
13855,0.03,0.0
13875,0.03,0.0
13895,0.05,0.0
13915,0.02,0.0
13934,0.04,0.0
13954,0.03,0.0
13974,0.04,0.0
13994,0.04,0.0
14014,0.03,0.0
14033,0.02,0.0
14053,0.03,0.0
14073,0.03,0.0
14093,0.03,0.0
14113,0.03,0.0
14132,0.04,0.0
14152,0.03,0.0
14172,0.03,0.0
14192,0.02,0.0
14212,0.03,0.0
14231,0.03,0.0
14251,0.03,0.0
14271,0.03,0.0
14291,0.02,0.0
14311,0.05,0.0
14330,0.04,0.0
14350,0.03,0.0
14370,0.03,0.0
14390,0.02,0.0
14409,0.03,0.05
14429,0.02,0.42
14449,0.02,0.3
14469,0.01,0.43
14489,0.0,0.76
14508,0.01,0.62
14528,0.0,0.81
14548,0.03,0.59
14568,0.0,0.83
14588,0.03,0.53
14607,0.02,0.26
14627,0.03,0.06
14647,0.02,0.03
14667,0.01,0.01
14687,0.03,0.0
14706,0.02,0.0
14726,0.02,0.0
14746,0.02,0.0
14766,0.05,0.0
14786,0.06,0.0
14805,0.02,0.0
14825,0.02,0.0
14845,0.03,0.0
14865,0.02,0.0
14885,0.05,0.0
14904,0.02,0.0
14924,0.04,0.0
14944,0.04,0.0
14964,0.05,0.0
14983,0.02,0.0
15003,0.03,0.0
15023,0.05,0.0
15043,0.02,0.0
15063,0.03,0.0
15082,0.03,0.0
15102,0.06,0.0
15122,0.05,0.0
15142,0.02,0.0
15162,0.03,0.0
15181,0.03,0.0
15201,0.05,0.0
15221,0.02,0.0
15241,0.05,0.0
15261,0.03,0.0
15280,0.05,0.0
15300,0.03,0.0
15320,0.07,0.0
15340,0.1,0.0
15360,0.03,0.0
15379,0.04,0.0
15399,0.05,0.0
15419,0.12,0.0
15439,0.03,0.0
15459,0.06,0.0
15478,0.05,0.0
15498,0.03,0.0
15518,0.02,0.0
15538,0.04,0.0
15558,0.04,0.0
15577,0.03,0.0
15597,0.11,0.0
15617,0.04,0.0
15637,0.03,0.0
15656,0.03,0.0
15676,0.04,0.0
15696,0.02,0.0
15716,0.02,0.0
15736,0.04,0.0
15755,0.04,0.01
15775,0.05,0.01
15795,0.04,0.02
15815,0.05,0.02
15835,0.03,0.02
15854,0.04,0.02
15874,0.04,0.04
15894,0.03,0.01
15914,0.01,0.05
15934,0.02,0.25
15953,0.07,0.29
15973,0.06,0.08
15993,0.08,0.05
16013,0.06,0.1
16033,0.07,0.03
16052,0.02,0.05
16072,0.06,0.02
16092,0.04,0.01
16112,0.04,0.01
16132,0.04,0.02
16151,0.06,0.01
16171,0.06,0.01
16191,0.04,0.01
16211,0.03,0.01
16230,0.06,0.0
16250,0.09,0.0
16270,0.02,0.0
16290,0.04,0.0
16310,0.05,0.0
16329,0.05,0.0
16349,0.04,0.0
16369,0.04,0.0
16389,0.08,0.0
16409,0.03,0.0
16428,0.05,0.0
16448,0.05,0.0
16468,0.08,0.0
16488,0.04,0.0
16508,0.07,0.0
16527,0.04,0.0
16547,0.07,0.0
16567,0.06,0.0
16587,0.05,0.0
16607,0.07,0.0
16626,0.08,0.0
16646,0.07,0.0
16666,0.05,0.0
16686,0.06,0.0
16706,0.05,0.0
16725,0.05,0.0
16745,0.08,0.0
16765,0.03,0.0
16785,0.04,0.0
16804,0.05,0.0
16824,0.06,0.0
16844,0.05,0.0
16864,0.07,0.0
16884,0.1,0.0
16903,0.04,0.0
16923,0.04,0.0
16943,0.06,0.0
16963,0.1,0.0
16983,0.06,0.0
17002,0.03,0.0
17022,0.04,0.0
17042,0.09,0.0
17062,0.06,0.0
17082,0.05,0.0
17101,0.05,0.0
17121,0.11,0.0
17141,0.05,0.0
17161,0.07,0.0
17181,0.07,0.0
17200,0.07,0.0
17220,0.05,0.0
17240,0.05,0.0
17260,0.1,0.0
17280,0.04,0.0
17299,0.07,0.0
17319,0.1,0.0
17339,0.09,0.0
17359,0.06,0.0
17378,0.04,0.0
17398,0.03,0.0
17418,0.05,0.0
17438,0.05,0.0
17458,0.07,0.0
17477,0.04,0.0
17497,0.05,0.0
17517,0.04,0.0
17537,0.04,0.0
17557,0.05,0.0
17576,0.06,0.0
17596,0.05,0.0
17616,0.08,0.0
17636,0.02,0.0
17656,0.08,0.0
17675,0.12,0.0
17695,0.12,0.0
17715,0.06,0.0
17735,0.05,0.0
17755,0.05,0.0
17774,0.03,0.0
17794,0.11,0.0
17814,0.06,0.0
17834,0.12,0.0
17854,0.04,0.0
17873,0.07,0.0
17893,0.03,0.0
17913,0.04,0.02
17933,0.01,0.09
17952,0.03,0.01
17972,0.02,0.0
17992,0.03,0.01
18012,0.03,0.0
18032,0.01,0.0
18051,0.02,0.01
18071,0.02,0.01
18091,0.02,0.01
18111,0.03,0.01
18131,0.02,0.0
18150,0.01,0.0
18170,0.05,0.0
18190,0.05,0.0
18210,0.03,0.0
18230,0.05,0.0
18249,0.03,0.0
18269,0.05,0.0
18289,0.03,0.0
18309,0.08,0.0
18329,0.03,0.0
18348,0.03,0.0
18368,0.08,0.0
18388,0.03,0.0
18408,0.02,0.0
18428,0.03,0.0
18447,0.06,0.0
18467,0.03,0.0
18487,0.04,0.0
18507,0.08,0.0
18526,0.03,0.0
18546,0.05,0.0
18566,0.03,0.0
18586,0.07,0.0
18606,0.03,0.0
18625,0.07,0.0
18645,0.04,0.0
18665,0.05,0.0
18685,0.04,0.0
18705,0.03,0.0
18724,0.05,0.0
18744,0.03,0.0
18764,0.07,0.0
18784,0.02,0.0
18804,0.05,0.0
18823,0.04,0.0
18843,0.03,0.0
18863,0.03,0.0
18883,0.03,0.0
18903,0.08,0.0
18922,0.04,0.0
18942,0.05,0.0
18962,0.03,0.0
18982,0.04,0.0
19002,0.03,0.0
19021,0.04,0.0
19041,0.04,0.0
19061,0.05,0.0
19081,0.16,0.0
19100,0.06,0.0
19120,0.12,0.0
19140,0.04,0.0
19160,0.12,0.0
19180,0.08,0.0
19199,0.05,0.0
19219,0.06,0.0
19239,0.05,0.0
19259,0.07,0.0
19279,0.05,0.0
19298,0.06,0.0
19318,0.06,0.0
19338,0.1,0.0
19358,0.09,0.0
19378,0.06,0.0
19397,0.06,0.0
19417,0.05,0.0
19437,0.09,0.0
19457,0.11,0.0
19477,0.08,0.0
19496,0.05,0.0
19516,0.1,0.0
19536,0.05,0.0
19556,0.09,0.0
19576,0.02,0.0
19595,0.09,0.0
19615,0.09,0.0
19635,0.08,0.0
19655,0.14,0.0
19674,0.04,0.0
19694,0.09,0.0
19714,0.09,0.0
19734,0.1,0.0
19754,0.06,0.0
19773,0.07,0.0
19793,0.05,0.0
19813,0.06,0.0
19833,0.07,0.0
19853,0.07,0.0
19872,0.08,0.0
19892,0.06,0.0
19912,0.07,0.0
19932,0.03,0.0
19952,0.07,0.0
19971,0.03,0.0
19991,0.12,0.0
20011,0.04,0.0
20031,0.02,0.0
20051,0.04,0.0
20070,0.09,0.0
20090,0.12,0.0
20110,0.04,0.0
20130,0.07,0.0
20150,0.04,0.0
20169,0.07,0.0
20189,0.01,0.0
20209,0.02,0.01
20229,0.03,0.01
20249,0.02,0.02
20268,0.09,0.01
20288,0.03,0.0
20308,0.11,0.0
20328,0.03,0.0
20347,0.05,0.0
20367,0.04,0.01
20387,0.06,0.0
20407,0.07,0.0
20427,0.05,0.0
20446,0.07,0.0
20466,0.05,0.0
20486,0.05,0.0
20506,0.05,0.0
20526,0.06,0.0
20545,0.04,0.0
20565,0.04,0.0
20585,0.04,0.0
20605,0.02,0.0
20625,0.05,0.0
20644,0.03,0.0
20664,0.05,0.0
20684,0.04,0.0
20704,0.06,0.0
20724,0.08,0.0
20743,0.04,0.0
20763,0.08,0.0
20783,0.04,0.0
20803,0.04,0.0
20823,0.04,0.0
20842,0.07,0.0
20862,0.05,0.0
20882,0.03,0.0
20902,0.02,0.04
20921,0.04,0.02
20941,0.03,0.01
20961,0.05,0.14
20981,0.12,0.13
21001,0.03,0.22
21020,0.07,0.04
21040,0.04,0.03
21060,0.05,0.01
21080,0.04,0.02
21100,0.02,0.02
21119,0.02,0.01
21139,0.08,0.02
21159,0.08,0.01
21179,0.04,0.01
21199,0.14,0.0
21218,0.08,0.01
21238,0.03,0.0
21258,0.02,0.0
21278,0.02,0.0
21298,0.06,0.0
21317,0.02,0.0
21337,0.04,0.0
21357,0.03,0.0
21377,0.05,0.0
21397,0.02,0.0
21416,0.02,0.0
21436,0.02,0.0
21456,0.02,0.0
21476,0.03,0.0
21495,0.04,0.0
21515,0.05,0.0
21535,0.02,0.0
21555,0.03,0.0
21575,0.03,0.0
21594,0.03,0.0
21614,0.03,0.0
21634,0.05,0.0
21654,0.04,0.0
21674,0.02,0.0
21693,0.06,0.0
21713,0.02,0.0
21733,0.04,0.0
21753,0.02,0.0
21773,0.05,0.0
21792,0.03,0.0
21812,0.04,0.0
21832,0.04,0.0
21852,0.07,0.0
21872,0.03,0.0
21891,0.04,0.0
21911,0.15,0.0
21931,0.09,0.0
21951,0.07,0.0
21971,0.04,0.0
21990,0.09,0.0
22010,0.03,0.0
22030,0.08,0.0
22050,0.04,0.0
22069,0.09,0.0
22089,0.08,0.0
22109,0.08,0.0
22129,0.08,0.0
22149,0.06,0.0
22168,0.19,0.0
22188,0.07,0.0
22208,0.1,0.0
22228,0.07,0.0
22248,0.06,0.0
22267,0.09,0.0
22287,0.08,0.0
22307,0.09,0.0
22327,0.11,0.0
22347,0.14,0.0
22366,0.07,0.0
22386,0.12,0.0
22406,0.18,0.0
22426,0.04,0.0
22446,0.09,0.0
22465,0.14,0.0
22485,0.11,0.0
22505,0.15,0.0
22525,0.16,0.0
22545,0.1,0.0
22564,0.06,0.0
22584,0.09,0.0
22604,0.09,0.0
22624,0.09,0.0
22643,0.16,0.0
22663,0.03,0.0
22683,0.06,0.0
22703,0.04,0.0
22723,0.06,0.0
22742,0.09,0.0
22762,0.03,0.0
22782,0.04,0.0
22802,0.05,0.0
22822,0.1,0.0
22841,0.02,0.0
22861,0.07,0.0
22881,0.02,0.0
22901,0.08,0.0
22921,0.08,0.0
22940,0.1,0.0
22960,0.03,0.0
22980,0.02,0.01
23000,0.05,0.0
23020,0.03,0.01
23039,0.04,0.0
23059,0.04,0.0
23079,0.03,0.0
23099,0.04,0.0
23119,0.03,0.0
23138,0.02,0.0
23158,0.03,0.0
23178,0.03,0.0
23198,0.04,0.0
23217,0.04,0.0
23237,0.05,0.0
23257,0.08,0.0
23277,0.05,0.0
23297,0.07,0.0
23316,0.03,0.0
23336,0.09,0.0
23356,0.06,0.0
23376,0.08,0.0
23396,0.07,0.0
23415,0.04,0.0
23435,0.09,0.0
23455,0.04,0.0
23475,0.1,0.0
23495,0.04,0.0
23514,0.06,0.0
23534,0.05,0.0
23554,0.08,0.0
23574,0.09,0.0
23594,0.08,0.0
23613,0.08,0.0
23633,0.05,0.0
23653,0.07,0.0
23673,0.07,0.0
23693,0.17,0.0
23712,0.06,0.0
23732,0.06,0.0
23752,0.09,0.0
23772,0.04,0.0
23791,0.04,0.0
23811,0.05,0.0
23831,0.04,0.0
23851,0.02,0.0
23871,0.08,0.0
23890,0.03,0.0
23910,0.08,0.0
23930,0.07,0.0
23950,0.08,0.0
23970,0.07,0.0
23989,0.05,0.0
24009,0.09,0.0
24029,0.06,0.0
24049,0.08,0.0
24069,0.06,0.0
24088,0.05,0.0
24108,0.08,0.0
24128,0.02,0.0
24148,0.09,0.0
24168,0.03,0.04
24187,0.02,0.0
24207,0.03,0.0
24227,0.02,0.0
24247,0.03,0.0
24267,0.04,0.0
24286,0.03,0.0
24306,0.02,0.0
24326,0.01,0.0
24346,0.02,0.0
24365,0.03,0.0
24385,0.03,0.0
24405,0.03,0.0
24425,0.02,0.0
24445,0.04,0.0
24464,0.06,0.0
24484,0.04,0.0
24504,0.1,0.0
24524,0.06,0.0
24544,0.05,0.0
24563,0.04,0.0
24583,0.07,0.0
24603,0.08,0.0
24623,0.05,0.0
24643,0.05,0.0
24662,0.06,0.0
24682,0.09,0.0
24702,0.1,0.0
24722,0.04,0.0
24742,0.13,0.0
24761,0.03,0.0
24781,0.06,0.0
24801,0.02,0.0
24821,0.03,0.03
24841,0.04,0.0
24860,0.01,0.0
24880,0.04,0.0
24900,0.04,0.0
24920,0.02,0.0
24940,0.05,0.0
24959,0.03,0.0
24979,0.06,0.0
24999,0.02,0.0
25019,0.08,0.0
25038,0.06,0.0
25058,0.02,0.0
25078,0.05,0.0
25098,0.03,0.0
25118,0.06,0.0
25137,0.03,0.0
25157,0.05,0.0
25177,0.13,0.0
25197,0.04,0.0
25217,0.07,0.0
25236,0.03,0.0
25256,0.12,0.0
25276,0.03,0.0
25296,0.05,0.0
25316,0.05,0.0
25335,0.04,0.0
25355,0.06,0.0
25375,0.04,0.0
25395,0.07,0.0
25415,0.08,0.0
25434,0.07,0.0
25454,0.07,0.0
25474,0.05,0.0
25494,0.08,0.0
25514,0.04,0.0
25533,0.05,0.0
25553,0.08,0.0
25573,0.05,0.0
25593,0.03,0.0
25612,0.05,0.0
25632,0.07,0.0
25652,0.07,0.0
25672,0.09,0.0
25692,0.05,0.0
25711,0.08,0.0
25731,0.07,0.0
25751,0.08,0.0
25771,0.05,0.0
25791,0.07,0.0
25810,0.05,0.0
25830,0.07,0.0
25850,0.06,0.0
25870,0.03,0.01
25890,0.03,0.0
25909,0.03,0.0
25929,0.03,0.0
25949,0.03,0.0
25969,0.02,0.01
25989,0.04,0.01
26008,0.07,0.02
26028,0.08,0.02
26048,0.02,0.16
26068,0.02,0.04
26088,0.03,0.13
26107,0.01,0.16
26127,0.01,0.31
26147,0.03,0.19
26167,0.04,0.04
26186,0.03,0.07
26206,0.04,0.27
26226,0.01,0.66
26246,0.02,0.47
26266,0.01,0.65
26285,0.01,0.67
26305,0.01,0.78
26325,0.01,0.74
26345,0.02,0.59
26365,0.01,0.5
26384,0.01,0.58
26404,0.02,0.56
26424,0.03,0.11
26444,0.03,0.18
26464,0.02,0.15
26483,0.02,0.05
26503,0.05,0.05
26523,0.03,0.13
26543,0.03,0.06
26563,0.06,0.03
26582,0.03,0.02
26602,0.02,0.08
26622,0.01,0.03
26642,0.03,0.06
26662,0.02,0.02
26681,0.02,0.0
26701,0.04,0.01
26721,0.03,0.01
26741,0.02,0.0
26760,0.03,0.02
26780,0.02,0.13
26800,0.02,0.03
26820,0.03,0.01
26840,0.02,0.01
26859,0.03,0.0
26879,0.02,0.0
26899,0.04,0.0
26919,0.01,0.01
26939,0.03,0.0
26958,0.02,0.01
26978,0.04,0.01
26998,0.02,0.01
27018,0.01,0.02
27038,0.02,0.01
27057,0.02,0.02
27077,0.03,0.02
27097,0.02,0.01
27117,0.02,0.0
27137,0.01,0.01
27156,0.02,0.0
27176,0.01,0.0
27196,0.05,0.0
27216,0.03,0.0
27236,0.04,0.0
27255,0.05,0.0
27275,0.02,0.0
27295,0.05,0.0
27315,0.03,0.0
27334,0.05,0.0
27354,0.05,0.0
27374,0.03,0.0
27394,0.04,0.0
27414,0.03,0.0
27433,0.06,0.0
27453,0.05,0.0
27473,0.03,0.0
27493,0.06,0.0
27513,0.04,0.0
27532,0.05,0.0
27552,0.06,0.0
27572,0.06,0.0
27592,0.04,0.0
27612,0.05,0.0
27631,0.05,0.0
27651,0.05,0.0
27671,0.08,0.0
27691,0.08,0.0
27711,0.06,0.0
27730,0.05,0.0
27750,0.06,0.0
27770,0.03,0.0
27790,0.06,0.0
27810,0.05,0.0
27829,0.06,0.0
27849,0.03,0.0
27869,0.04,0.0
27889,0.07,0.0
27908,0.07,0.0
27928,0.05,0.0
27948,0.05,0.0
27968,0.05,0.0
27988,0.05,0.0
28007,0.07,0.0
28027,0.05,0.0
28047,0.05,0.0
28067,0.02,0.0
28087,0.06,0.0
28106,0.04,0.0
28126,0.09,0.0
28146,0.06,0.0
28166,0.05,0.0
28186,0.02,0.0
28205,0.03,0.0
28225,0.08,0.0
28245,0.04,0.0
28265,0.04,0.0
28285,0.03,0.0
28304,0.04,0.0
28324,0.04,0.0
28344,0.06,0.0
28364,0.05,0.0
28384,0.04,0.0
28403,0.11,0.0
28423,0.02,0.0
28443,0.05,0.0
28463,0.09,0.0
28482,0.06,0.0
28502,0.08,0.0
28522,0.04,0.0
28542,0.07,0.0
28562,0.05,0.0
28581,0.06,0.0
28601,0.04,0.0
28621,0.05,0.0
28641,0.06,0.0
28661,0.05,0.0
28680,0.08,0.0
28700,0.06,0.0
28720,0.05,0.0
28740,0.04,0.0
28760,0.05,0.0
28779,0.05,0.0
28799,0.07,0.0
28819,0.12,0.0
28839,0.07,0.0
28859,0.12,0.0
28878,0.06,0.0
28898,0.08,0.0
28918,0.05,0.0
28938,0.09,0.0
28958,0.06,0.0
28977,0.06,0.0
28997,0.1,0.0
29017,0.06,0.0
29037,0.09,0.0
29057,0.09,0.0
29076,0.07,0.0
29096,0.06,0.0
29116,0.04,0.0
29136,0.07,0.0
29155,0.05,0.0
29175,0.08,0.0
29195,0.06,0.0
29215,0.06,0.0
29235,0.06,0.0
29254,0.07,0.0
29274,0.08,0.0
29294,0.07,0.0
29314,0.07,0.0
29334,0.07,0.0
29353,0.04,0.0
29373,0.02,0.04
29393,0.02,0.01
29413,0.02,0.01
29433,0.04,0.14
29452,0.02,0.31
29472,0.02,0.56
29492,0.03,0.44
29512,0.05,0.36
29532,0.06,0.32
29551,0.03,0.55
29571,0.03,0.34
29591,0.03,0.35
29611,0.04,0.1
29631,0.04,0.14
29650,0.04,0.08
29670,0.04,0.02
29690,0.05,0.02
29710,0.05,0.03
29729,0.05,0.01
29749,0.11,0.01
29769,0.07,0.01
29789,0.07,0.01
29809,0.07,0.01
29828,0.11,0.0
29848,0.04,0.0
29868,0.06,0.0
29888,0.06,0.0
29908,0.07,0.0
29927,0.06,0.0
29947,0.06,0.0
29967,0.05,0.0
29987,0.04,0.0
30007,0.07,0.0
30026,0.06,0.0
30046,0.11,0.01
30066,0.06,0.0
30086,0.06,0.0
30106,0.05,0.0
30125,0.07,0.0
30145,0.09,0.0
30165,0.15,0.0
30185,0.09,0.0
30205,0.05,0.0
30224,0.08,0.0
30244,0.09,0.0
30264,0.08,0.0
30284,0.08,0.0
30303,0.12,0.0
30323,0.06,0.0
30343,0.08,0.0
30363,0.05,0.0
30383,0.12,0.0
30402,0.08,0.0
30422,0.06,0.0
30442,0.06,0.0
30462,0.04,0.0
30482,0.04,0.0
30501,0.07,0.0
30521,0.07,0.0
30541,0.08,0.0
30561,0.06,0.0
30581,0.06,0.0
30600,0.05,0.0
30620,0.07,0.0
30640,0.09,0.0
30660,0.07,0.0
30680,0.1,0.0
30699,0.07,0.0
30719,0.03,0.0
30739,0.05,0.0
30759,0.08,0.0
30779,0.06,0.0
30798,0.03,0.0
30818,0.02,0.03
30838,0.02,0.02
30858,0.02,0.0
30877,0.02,0.0
30897,0.07,0.0
30917,0.06,0.0
30937,0.05,0.0
30957,0.05,0.0
30976,0.09,0.0
30996,0.07,0.0
31016,0.05,0.0
31036,0.06,0.0
31056,0.05,0.0
31075,0.04,0.0
31095,0.07,0.0
31115,0.1,0.0
31135,0.08,0.0
31155,0.11,0.0
31174,0.06,0.0
31194,0.11,0.0
31214,0.07,0.0
31234,0.1,0.0
31254,0.11,0.0
31273,0.09,0.0
31293,0.09,0.0
31313,0.12,0.0
31333,0.08,0.0
31353,0.14,0.0
31372,0.11,0.0
31392,0.05,0.0
31412,0.1,0.0
31432,0.09,0.0
31451,0.1,0.0
31471,0.12,0.0
31491,0.08,0.0
31511,0.08,0.0
31531,0.11,0.0
31550,0.14,0.0
31570,0.13,0.0
31590,0.12,0.0
31610,0.11,0.0
31630,0.11,0.0
31649,0.08,0.0
31669,0.1,0.0
31689,0.13,0.0
31709,0.13,0.0
31729,0.04,0.0
31748,0.12,0.0
31768,0.13,0.0
31788,0.08,0.0
31808,0.09,0.0
31828,0.13,0.0
31847,0.1,0.0
31867,0.07,0.24
31887,0.07,0.7
31907,0.0,0.99
31927,0.0,0.99
31946,0.0,1.0
31966,0.0,1.0
31986,0.0,0.97
32006,0.0,0.99
32025,0.03,0.86
32045,0.05,0.46
32065,0.04,0.1
32085,0.02,0.12
32105,0.04,0.04
32124,0.04,0.05
32144,0.03,0.02
32164,0.06,0.03
32184,0.02,0.0
32204,0.04,0.03
32223,0.02,0.02
32243,0.01,0.01
32263,0.02,0.01
32283,0.01,0.0
32303,0.02,0.0
32322,0.04,0.0
32342,0.07,0.0
32362,0.06,0.0
32382,0.08,0.0
32402,0.02,0.01
32421,0.02,0.01
32441,0.02,0.01
32461,0.03,0.0
32481,0.02,0.0
32501,0.05,0.0
32520,0.06,0.0
32540,0.06,0.0
32560,0.09,0.0
32580,0.03,0.0
32599,0.05,0.0
32619,0.04,0.0
32639,0.08,0.0
32659,0.04,0.0
32679,0.06,0.0
32698,0.04,0.0
32718,0.05,0.0
32738,0.04,0.0
32758,0.03,0.0
32778,0.08,0.0
32797,0.04,0.0
32817,0.06,0.0
32837,0.08,0.0
32857,0.09,0.0
32877,0.06,0.0
32896,0.15,0.0
32916,0.02,0.0
32936,0.03,0.0
32956,0.03,0.0
32976,0.02,0.06
32995,0.03,0.01
33015,0.01,0.03
33035,0.05,0.0
33055,0.04,0.01
33075,0.02,0.01
33094,0.03,0.01
33114,0.03,0.02
33134,0.03,0.01
33154,0.02,0.06
33173,0.06,0.07
33193,0.01,0.06
33213,0.08,0.09
33233,0.02,0.03
33253,0.02,0.01
33272,0.04,0.03
33292,0.02,0.04
33312,0.01,0.02
33332,0.03,0.03
33352,0.02,0.01
33371,0.02,0.02
33391,0.02,0.01
33411,0.01,0.02
33431,0.03,0.01
33451,0.16,0.01
33470,0.12,0.01
33490,0.03,0.01
33510,0.01,0.02
33530,0.02,0.02
33550,0.02,0.01
33569,0.02,0.01
33589,0.01,0.01
33609,0.03,0.01
33629,0.02,0.01
33649,0.02,0.0
33668,0.03,0.0
33688,0.03,0.0
33708,0.02,0.0
33728,0.03,0.0
33748,0.04,0.0
33767,0.04,0.0
33787,0.04,0.0
33807,0.04,0.0
33827,0.04,0.0
33846,0.03,0.0
33866,0.04,0.0
33886,0.02,0.0
33906,0.05,0.0
33926,0.09,0.0
33945,0.06,0.0
33965,0.09,0.0
33985,0.15,0.0
34005,0.01,0.0
34025,0.01,0.0
34044,0.04,0.0
34064,0.07,0.0
34084,0.08,0.0
34104,0.06,0.0
34124,0.07,0.0
34143,0.04,0.0
34163,0.03,0.0
34183,0.07,0.0
34203,0.02,0.0
34223,0.03,0.0
34242,0.02,0.0
34262,0.19,0.01
34282,0.16,0.02
34302,0.03,0.01
34322,0.02,0.01
34341,0.04,0.01
34361,0.01,0.02
34381,0.01,0.01
34401,0.02,0.01
34420,0.01,0.01
34440,0.06,0.0
34460,0.02,0.01
34480,0.03,0.0
34500,0.03,0.0
34519,0.03,0.0
34539,0.03,0.0
34559,0.03,0.0
34579,0.03,0.0
34599,0.02,0.0
34618,0.03,0.0
34638,0.02,0.0
34658,0.03,0.0
34678,0.02,0.0
34698,0.03,0.0
34717,0.02,0.0
34737,0.03,0.0
34757,0.08,0.0
34777,0.03,0.0
34797,0.06,0.0
34816,0.03,0.0
34836,0.05,0.0
34856,0.07,0.0
34876,0.02,0.0
34896,0.03,0.0
34915,0.02,0.0
34935,0.04,0.0
34955,0.03,0.0
34975,0.03,0.0
34994,0.03,0.0
35014,0.06,0.0
35034,0.04,0.0
35054,0.05,0.0
35074,0.07,0.0
35093,0.07,0.0
35113,0.06,0.0
35133,0.06,0.0
35153,0.06,0.0
35173,0.07,0.0
35192,0.06,0.0
35212,0.08,0.0
35232,0.05,0.0
35252,0.13,0.0
35272,0.06,0.0
35291,0.09,0.0
35311,0.03,0.0
35331,0.05,0.0
35351,0.1,0.04
35371,0.07,0.0
35390,0.05,0.3
35410,0.02,0.24
35430,0.05,0.04
35450,0.01,0.03
35470,0.02,0.05
35489,0.05,0.06
35509,0.03,0.02
35529,0.05,0.01
35549,0.04,0.01
35568,0.06,0.02
35588,0.02,0.01
35608,0.05,0.0
35628,0.08,0.01
35648,0.06,0.0
35667,0.03,0.0
35687,0.04,0.0
35707,0.05,0.0
35727,0.04,0.0
35747,0.1,0.0
35766,0.04,0.0
35786,0.09,0.0
35806,0.05,0.0
35826,0.08,0.0
35846,0.05,0.0
35865,0.05,0.0
35885,0.05,0.0
35905,0.03,0.0
35925,0.05,0.0
35945,0.03,0.0
35964,0.1,0.0
35984,0.13,0.0
36004,0.06,0.0
36024,0.05,0.0
36044,0.03,0.0
36063,0.03,0.0
36083,0.03,0.0
36103,0.06,0.0
36123,0.04,0.0
36142,0.07,0.0
36162,0.03,0.0
36182,0.07,0.0
36202,0.05,0.0
36222,0.06,0.0
36241,0.06,0.0
36261,0.07,0.0
36281,0.04,0.0
36301,0.04,0.0
36321,0.07,0.0
36340,0.06,0.0
36360,0.07,0.0
36380,0.02,0.0
36400,0.06,0.0
36420,0.07,0.0
36439,0.05,0.0
36459,0.03,0.0
36479,0.04,0.0
36499,0.05,0.0
36519,0.03,0.0
36538,0.12,0.0
36558,0.04,0.0
36578,0.06,0.0
36598,0.05,0.0
36618,0.07,0.0
36637,0.05,0.0
36657,0.07,0.0
36677,0.13,0.0
36697,0.05,0.0
36716,0.1,0.0
36736,0.03,0.0
36756,0.17,0.0
36776,0.07,0.0
36796,0.08,0.0
36815,0.09,0.0
36835,0.07,0.0
36855,0.08,0.0
36875,0.05,0.0
36895,0.07,0.0
36914,0.03,0.0
36934,0.07,0.0
36954,0.03,0.0
36974,0.1,0.0
36994,0.07,0.0
37013,0.06,0.0
37033,0.07,0.0
37053,0.07,0.0
37073,0.12,0.0
37093,0.06,0.0
37112,0.11,0.0
37132,0.02,0.0
37152,0.06,0.0
37172,0.08,0.0
37192,0.09,0.0
37211,0.07,0.0
37231,0.03,0.0
37251,0.06,0.0
37271,0.03,0.0
37290,0.04,0.0
37310,0.03,0.0
37330,0.07,0.0
37350,0.05,0.0
37370,0.05,0.0
37389,0.08,0.0
37409,0.04,0.0
37429,0.04,0.0
37449,0.04,0.0
37469,0.05,0.0
37488,0.05,0.0
37508,0.05,0.0
37528,0.11,0.0
37548,0.06,0.0
37568,0.12,0.0
37587,0.04,0.0
37607,0.07,0.0
37627,0.05,0.0
37647,0.06,0.0
37667,0.07,0.0
37686,0.06,0.0
37706,0.09,0.0
37726,0.02,0.0
37746,0.03,0.0
37766,0.04,0.0
37785,0.04,0.0
37805,0.03,0.0
37825,0.07,0.0
37845,0.07,0.0
37865,0.05,0.0
37884,0.07,0.0
37904,0.03,0.0
37924,0.08,0.0
37944,0.04,0.0
37963,0.05,0.0
37983,0.1,0.0
38003,0.04,0.0
38023,0.06,0.0
38043,0.04,0.0
38062,0.11,0.0
38082,0.05,0.0
38102,0.08,0.0
38122,0.04,0.0
38142,0.08,0.0
38161,0.08,0.0
38181,0.05,0.0
38201,0.1,0.0
38221,0.06,0.0
38241,0.09,0.0
38260,0.06,0.0
38280,0.07,0.0
38300,0.07,0.0
38320,0.08,0.0
38340,0.07,0.0
38359,0.11,0.0
38379,0.14,0.0
38399,0.06,0.0
38419,0.07,0.0
38439,0.09,0.0
38458,0.08,0.0
38478,0.11,0.0
38498,0.09,0.0
38518,0.17,0.0
38537,0.06,0.0
38557,0.13,0.0
38577,0.09,0.0
38597,0.1,0.0
38617,0.09,0.0
38636,0.1,0.0
38656,0.1,0.0
38676,0.06,0.0
38696,0.08,0.0
38716,0.03,0.01
38735,0.06,0.0
38755,0.04,0.0
38775,0.06,0.01
38795,0.04,0.0
38815,0.02,0.0
38834,0.08,0.0
38854,0.03,0.0
38874,0.1,0.0
38894,0.07,0.0
38914,0.07,0.0
38933,0.05,0.0
38953,0.06,0.0
38973,0.06,0.0
38993,0.08,0.0
39013,0.15,0.0
39032,0.09,0.0
39052,0.07,0.0
39072,0.12,0.0
39092,0.12,0.0
39111,0.06,0.0
39131,0.07,0.0
39151,0.06,0.0
39171,0.05,0.0
39191,0.05,0.0
39210,0.05,0.0
39230,0.07,0.0
39250,0.09,0.0
39270,0.1,0.0
39290,0.1,0.0
39309,0.07,0.0
39329,0.07,0.0
39349,0.06,0.0
39369,0.07,0.0
39389,0.08,0.0
39408,0.09,0.0
39428,0.1,0.0
39448,0.07,0.0
39468,0.07,0.0
39488,0.09,0.0
39507,0.05,0.0
39527,0.11,0.0
39547,0.08,0.0
39567,0.12,0.0
39587,0.06,0.0
39606,0.08,0.0
39626,0.06,0.0
39646,0.06,0.0
39666,0.16,0.0
39685,0.07,0.0
39705,0.07,0.0
39725,0.08,0.0
39745,0.09,0.0
39765,0.07,0.0
39784,0.02,0.0
39804,0.06,0.0
39824,0.11,0.0
39844,0.09,0.0
39864,0.07,0.0
39883,0.08,0.0
39903,0.09,0.0
39923,0.06,0.0
39943,0.1,0.0
39963,0.05,0.0
39982,0.11,0.0
40002,0.07,0.0
40022,0.13,0.0
40042,0.03,0.0
40062,0.03,0.0
40081,0.03,0.0
40101,0.05,0.0
40121,0.03,0.0
40141,0.04,0.0
40161,0.03,0.0
40180,0.08,0.0
40200,0.04,0.0
40220,0.04,0.0
40240,0.07,0.0
40259,0.07,0.0
40279,0.07,0.0
40299,0.04,0.0
40319,0.08,0.0
40339,0.03,0.0
40358,0.13,0.0
40378,0.06,0.0
40398,0.06,0.0
40418,0.05,0.0
40438,0.11,0.0
40457,0.08,0.0
40477,0.12,0.0
40497,0.07,0.0
40517,0.12,0.0
40537,0.05,0.0
40556,0.08,0.0
40576,0.03,0.0
40596,0.07,0.0
40616,0.09,0.0
40636,0.08,0.0
40655,0.09,0.0
40675,0.03,0.02
40695,0.07,0.02
40715,0.01,0.04
40735,0.03,0.04
40754,0.01,0.04
40774,0.02,0.05
40794,0.02,0.04
40814,0.02,0.01
40833,0.05,0.02
40853,0.05,0.04
40873,0.02,0.04
40893,0.01,0.01
40913,0.02,0.01
40932,0.03,0.0
40952,0.02,0.0
40972,0.03,0.0
40992,0.02,0.0
41012,0.06,0.0
41031,0.05,0.0
41051,0.09,0.0
41071,0.04,0.0
41091,0.04,0.0
41111,0.05,0.0
41130,0.04,0.0
41150,0.04,0.0
41170,0.03,0.0
41190,0.03,0.0
41210,0.04,0.0
41229,0.05,0.0
41249,0.02,0.0
41269,0.03,0.03
41289,0.03,0.0
41309,0.03,0.02
41328,0.02,0.01
41348,0.01,0.01
41368,0.04,0.01
41388,0.02,0.02
41407,0.07,0.0
41427,0.02,0.0
41447,0.09,0.0
41467,0.04,0.0
41487,0.07,0.0
41506,0.03,0.0
41526,0.05,0.0
41546,0.05,0.0
41566,0.05,0.0
41586,0.06,0.0
41605,0.04,0.0
41625,0.08,0.0
41645,0.04,0.0
41665,0.08,0.0
41685,0.06,0.0
41704,0.07,0.0
41724,0.07,0.0
41744,0.09,0.0
41764,0.08,0.0
41784,0.07,0.0
41803,0.06,0.0
41823,0.11,0.0
41843,0.06,0.0
41863,0.06,0.0
41883,0.12,0.0
41902,0.07,0.0
41922,0.06,0.0
41942,0.11,0.0
41962,0.07,0.0
41981,0.05,0.0
42001,0.07,0.0
42021,0.08,0.0
42041,0.09,0.0
42061,0.11,0.0
42080,0.04,0.0
42100,0.08,0.0
42120,0.05,0.0
42140,0.09,0.0
42160,0.12,0.0
42179,0.07,0.0
42199,0.04,0.0
42219,0.03,0.0
42239,0.1,0.0
42259,0.07,0.0
42278,0.15,0.0
42298,0.05,0.0
42318,0.09,0.0
42338,0.06,0.0
42358,0.14,0.0
42377,0.08,0.0
42397,0.1,0.0
42417,0.07,0.0
42437,0.06,0.0
42457,0.13,0.0
42476,0.06,0.0
42496,0.08,0.0
42516,0.1,0.0
42536,0.11,0.0
42556,0.05,0.0
42575,0.05,0.0
42595,0.04,0.01
42615,0.05,0.01
42635,0.06,0.04
42654,0.05,0.05
42674,0.07,0.01
42694,0.15,0.08
42714,0.04,0.01
42734,0.06,0.01
42753,0.05,0.0
42773,0.02,0.01
42793,0.06,0.0
42813,0.02,0.0
42833,0.04,0.0
42852,0.04,0.0
42872,0.03,0.0
42892,0.03,0.01
42912,0.03,0.01
42932,0.03,0.0
42951,0.02,0.0
42971,0.02,0.0
42991,0.03,0.0
43011,0.02,0.0
43031,0.02,0.01
43050,0.02,0.01
43070,0.02,0.0
43090,0.02,0.0
43110,0.03,0.0
43130,0.05,0.0
43149,0.05,0.0
43169,0.01,0.0
43189,0.01,0.0
43209,0.01,0.01
43228,0.02,0.0
43248,0.03,0.0
43268,0.04,0.0
43288,0.02,0.01
43308,0.05,0.0
43327,0.03,0.0
43347,0.03,0.0
43367,0.06,0.0
43387,0.02,0.0
43407,0.02,0.0
43426,0.03,0.01
43446,0.04,0.0
43466,0.03,0.0
43486,0.03,0.0
43506,0.01,0.0
43525,0.04,0.0
43545,0.03,0.0
43565,0.08,0.0
43585,0.05,0.0
43605,0.03,0.0
43624,0.02,0.0
43644,0.04,0.0
43664,0.03,0.0
43684,0.06,0.0
43704,0.08,0.0
43723,0.03,0.0
43743,0.03,0.0
43763,0.05,0.0
43783,0.03,0.0
43802,0.06,0.0
43822,0.05,0.0
43842,0.07,0.0
43862,0.09,0.0
43882,0.12,0.0
43901,0.14,0.0
43921,0.05,0.0
43941,0.05,0.0
43961,0.04,0.0
43981,0.04,0.0
44000,0.07,0.01
44020,0.06,0.0
44040,0.05,0.0
44060,0.05,0.0
44080,0.04,0.0
44099,0.09,0.0
44119,0.05,0.01
44139,0.06,0.0
44159,0.05,0.0
44179,0.07,0.0
44198,0.04,0.0
44218,0.08,0.0
44238,0.06,0.0
44258,0.04,0.0
44278,0.03,0.01
44297,0.05,0.0
44317,0.1,0.0
44337,0.03,0.0
44357,0.03,0.0
44376,0.05,0.0
44396,0.1,0.0
44416,0.06,0.01
44436,0.08,0.0
44456,0.05,0.01
44475,0.1,0.0
44495,0.04,0.0
44515,0.04,0.0
44535,0.09,0.0
44555,0.11,0.0
44574,0.06,0.0
44594,0.08,0.0
44614,0.06,0.0
44634,0.05,0.0
44654,0.09,0.0
44673,0.05,0.0
44693,0.06,0.0
44713,0.03,0.0
44733,0.05,0.0
44753,0.03,0.0
44772,0.05,0.0
44792,0.02,0.0
44812,0.09,0.0
44832,0.05,0.0
44852,0.08,0.0
44871,0.03,0.0
44891,0.06,0.0
44911,0.05,0.0
44931,0.04,0.0
44950,0.08,0.0
44970,0.06,0.0
44990,0.09,0.0
45010,0.11,0.0
45030,0.1,0.0
45049,0.05,0.0
45069,0.04,0.0
45089,0.06,0.0
45109,0.05,0.0
45129,0.07,0.0
45148,0.03,0.0
45168,0.06,0.0
45188,0.03,0.01
45208,0.07,0.0
45228,0.06,0.0
45247,0.11,0.0
45267,0.07,0.0
45287,0.04,0.0
45307,0.08,0.0
45327,0.04,0.0
45346,0.05,0.0
45366,0.04,0.0
45386,0.03,0.0
45406,0.04,0.0
45426,0.03,0.0
45445,0.06,0.0
45465,0.03,0.0
45485,0.06,0.0
45505,0.06,0.0
45524,0.1,0.0
45544,0.05,0.0
45564,0.11,0.0
45584,0.12,0.0
45604,0.06,0.0
45623,0.09,0.0
45643,0.06,0.0
45663,0.1,0.0
45683,0.08,0.0
45703,0.06,0.0
45722,0.06,0.0
45742,0.07,0.0
45762,0.06,0.0
45782,0.13,0.0
45802,0.07,0.0
45821,0.09,0.0
45841,0.07,0.0
45861,0.04,0.0
45881,0.09,0.0
45901,0.07,0.0
45920,0.04,0.0
45940,0.05,0.0
45960,0.03,0.0
45980,0.1,0.0
46000,0.05,0.0
46019,0.06,0.0
46039,0.06,0.0
46059,0.15,0.0
46079,0.11,0.0
46098,0.09,0.0
46118,0.06,0.0
46138,0.05,0.0
46158,0.06,0.0
46178,0.12,0.0
46197,0.08,0.0
46217,0.06,0.0
46237,0.07,0.0
46257,0.13,0.0
46277,0.12,0.0
46296,0.09,0.0
46316,0.09,0.0
46336,0.05,0.0
46356,0.11,0.0
46376,0.05,0.0
46395,0.05,0.0
46415,0.07,0.0
46435,0.1,0.0
46455,0.06,0.0
46475,0.1,0.0
46494,0.02,0.0
46514,0.04,0.01
46534,0.05,0.01
46554,0.06,0.01
46574,0.03,0.01
46593,0.05,0.0
46613,0.09,0.0
46633,0.09,0.0
46653,0.03,0.0
46673,0.08,0.0
46692,0.14,0.0
46712,0.05,0.0
46732,0.18,0.0
46752,0.09,0.0
46771,0.12,0.0
46791,0.07,0.0
46811,0.13,0.0
46831,0.06,0.0
46851,0.05,0.0
46870,0.03,0.0
46890,0.05,0.0
46910,0.06,0.0
46930,0.07,0.0
46950,0.06,0.0
46969,0.08,0.0
46989,0.05,0.0
47009,0.07,0.0
47029,0.09,0.0
47049,0.08,0.0
47068,0.09,0.0
47088,0.12,0.0
47108,0.17,0.0
47128,0.06,0.0
47148,0.17,0.0
47167,0.07,0.0
47187,0.14,0.0
47207,0.04,0.0
47227,0.12,0.0
47247,0.09,0.0
47266,0.11,0.0
47286,0.07,0.0
47306,0.06,0.0
47326,0.15,0.0
47345,0.05,0.0
47365,0.07,0.0
47385,0.07,0.0
47405,0.16,0.0
47425,0.03,0.0
47444,0.08,0.0
47464,0.05,0.0
47484,0.04,0.01
47504,0.05,0.01
47524,0.03,0.0
47543,0.07,0.0
47563,0.03,0.0
47583,0.11,0.0
47603,0.04,0.0
47623,0.05,0.0
47642,0.06,0.0
47662,0.07,0.0
47682,0.08,0.0
47702,0.1,0.0
47722,0.08,0.0
47741,0.07,0.0
47761,0.05,0.0
47781,0.06,0.0
47801,0.13,0.0
47821,0.07,0.0
47840,0.05,0.0
47860,0.05,0.0
47880,0.04,0.0
47900,0.12,0.0
47919,0.07,0.0
47939,0.04,0.0
47959,0.06,0.0
47979,0.04,0.0
47999,0.04,0.0
48018,0.04,0.0
48038,0.05,0.0
48058,0.07,0.0
48078,0.02,0.0
48098,0.04,0.0
48117,0.05,0.0
48137,0.04,0.0
48157,0.03,0.0
48177,0.05,0.0
48197,0.03,0.0
48216,0.04,0.0
48236,0.07,0.0
48256,0.02,0.0
48276,0.06,0.0
48296,0.03,0.0
48315,0.07,0.0
48335,0.06,0.0
48355,0.07,0.0
48375,0.08,0.0
48395,0.03,0.0
48414,0.07,0.0
48434,0.06,0.0
48454,0.07,0.0
48474,0.06,0.0
48493,0.07,0.0
48513,0.04,0.0
48533,0.05,0.0
48553,0.08,0.0
48573,0.07,0.0
48592,0.06,0.0
48612,0.09,0.0
48632,0.07,0.0
48652,0.06,0.0
48672,0.12,0.0
48691,0.08,0.0
48711,0.11,0.0
48731,0.1,0.0
48751,0.1,0.0
48771,0.07,0.0
48790,0.05,0.0
48810,0.05,0.0
48830,0.04,0.0
48850,0.06,0.0
48870,0.06,0.0
48889,0.09,0.0
48909,0.1,0.0
48929,0.09,0.0
48949,0.03,0.0
48969,0.07,0.0
48988,0.12,0.0
49008,0.08,0.0
49028,0.1,0.0
49048,0.08,0.0
49067,0.12,0.0
49087,0.09,0.0
49107,0.09,0.0
49127,0.1,0.0
49147,0.12,0.0
49166,0.07,0.0
49186,0.09,0.0
49206,0.07,0.0
49226,0.07,0.0
49246,0.04,0.0
49265,0.06,0.0
49285,0.08,0.0
49305,0.05,0.0
49325,0.09,0.0
49345,0.03,0.0
49364,0.08,0.0
49384,0.1,0.0
49404,0.07,0.0
49424,0.12,0.0
49444,0.03,0.0
49463,0.08,0.0
49483,0.08,0.0
49503,0.08,0.0
49523,0.09,0.0
49543,0.08,0.0
49562,0.06,0.0
49582,0.06,0.0
49602,0.16,0.0
49622,0.05,0.0
49641,0.1,0.0
49661,0.05,0.0
49681,0.07,0.0
49701,0.08,0.0
49721,0.11,0.0
49740,0.04,0.0
49760,0.06,0.0
49780,0.08,0.0
49800,0.07,0.0
49820,0.08,0.0
49839,0.04,0.0
49859,0.03,0.01
49879,0.17,0.1
49899,0.15,0.28
49919,0.25,0.26
49938,0.17,0.07
49958,0.07,0.0
49978,0.06,0.0
49998,0.02,0.0
50018,0.01,0.01
50037,0.02,0.01
50057,0.0,0.11
50077,0.01,0.02
50097,0.01,0.01
50117,0.02,0.01
50136,0.04,0.01
50156,0.02,0.0
50176,0.05,0.0
50196,0.02,0.0
50215,0.06,0.0
50235,0.08,0.0
50255,0.07,0.0
50275,0.03,0.0
50295,0.06,0.0
50314,0.05,0.0
50334,0.02,0.0
50354,0.06,0.0
50374,0.02,0.0
50394,0.1,0.0
50413,0.03,0.0
50433,0.02,0.0
50453,0.05,0.0
50473,0.03,0.0
50493,0.03,0.0
50512,0.02,0.0
50532,0.05,0.0
50552,0.02,0.0
50572,0.03,0.0
50592,0.03,0.0
50611,0.02,0.0
50631,0.03,0.0
50651,0.03,0.0
50671,0.05,0.0
50691,0.02,0.0
50710,0.05,0.0
50730,0.03,0.0
50750,0.02,0.0
50770,0.02,0.0
50789,0.03,0.0
50809,0.03,0.0
50829,0.02,0.0
50849,0.07,0.0
50869,0.02,0.0
50888,0.03,0.0
50908,0.03,0.0
50928,0.02,0.0
50948,0.05,0.0
50968,0.03,0.0
50987,0.05,0.0
51007,0.02,0.0
51027,0.05,0.0
51047,0.04,0.0
51067,0.04,0.0
51086,0.05,0.0
51106,0.04,0.0
51126,0.05,0.0
51146,0.02,0.0
51166,0.05,0.0
51185,0.05,0.0
51205,0.04,0.0
51225,0.05,0.0
51245,0.03,0.0
51265,0.03,0.0
51284,0.03,0.0
51304,0.02,0.0
51324,0.04,0.0
51344,0.02,0.0
51364,0.02,0.0
51383,0.01,0.0
51403,0.04,0.0
51423,0.02,0.0
51443,0.01,0.0
51462,0.02,0.0
51482,0.02,0.0
51502,0.02,0.0
51522,0.03,0.0
51542,0.05,0.0
51561,0.02,0.0
51581,0.04,0.0
51601,0.06,0.0
51621,0.02,0.0
51641,0.04,0.0
51660,0.04,0.0
51680,0.06,0.0
51700,0.04,0.0
51720,0.07,0.0
51740,0.08,0.0
51759,0.05,0.0
51779,0.07,0.0
51799,0.03,0.0
51819,0.03,0.0
51839,0.03,0.0
51858,0.03,0.0
51878,0.04,0.0
51898,0.07,0.0
51918,0.03,0.0
51938,0.06,0.0
51957,0.09,0.0
51977,0.07,0.0
51997,0.04,0.0
52017,0.04,0.0
52036,0.05,0.0
52056,0.07,0.0
52076,0.07,0.0
52096,0.03,0.0
52116,0.03,0.0
52135,0.07,0.0
52155,0.03,0.0
52175,0.04,0.0
52195,0.07,0.0
52215,0.08,0.0
52234,0.12,0.0
52254,0.05,0.0
52274,0.04,0.0
52294,0.04,0.0
52314,0.04,0.0
52333,0.02,0.0
52353,0.08,0.0
52373,0.07,0.0
52393,0.06,0.0
52413,0.05,0.0
52432,0.04,0.0
52452,0.06,0.0
52472,0.03,0.0
52492,0.1,0.0
52512,0.08,0.0
52531,0.11,0.0
52551,0.06,0.0
52571,0.09,0.0
52591,0.06,0.0
52610,0.11,0.0
52630,0.08,0.0
52650,0.05,0.0
52670,0.05,0.0
52690,0.04,0.0
52709,0.11,0.0
52729,0.08,0.0
52749,0.05,0.0
52769,0.1,0.0
52789,0.06,0.01
52808,0.06,0.01
52828,0.02,0.0
52848,0.07,0.01
52868,0.02,0.02
52888,0.04,0.0
52907,0.02,0.01
52927,0.04,0.01
52947,0.03,0.01
52967,0.05,0.01
52987,0.04,0.01
53006,0.02,0.01
53026,0.04,0.01
53046,0.05,0.01
53066,0.04,0.0
53086,0.02,0.0
53105,0.02,0.0
53125,0.07,0.01
53145,0.06,0.01
53165,0.03,0.01
53184,0.05,0.0
53204,0.05,0.0
53224,0.05,0.0
53244,0.03,0.0
53264,0.03,0.0
53283,0.02,0.0
53303,0.04,0.0
53323,0.03,0.0
53343,0.04,0.0
53363,0.03,0.0
53382,0.05,0.0
53402,0.05,0.0
53422,0.02,0.0
53442,0.03,0.0
53462,0.04,0.0
53481,0.03,0.0
53501,0.03,0.0
53521,0.03,0.0
53541,0.05,0.0
53561,0.04,0.0
53580,0.05,0.0
53600,0.05,0.0
53620,0.01,0.0
53640,0.03,0.01
53660,0.01,0.04
53679,0.01,0.02
53699,0.01,0.01
53719,0.02,0.01
53739,0.02,0.0
53758,0.04,0.01
53778,0.02,0.0
53798,0.04,0.01
53818,0.02,0.02
53838,0.05,0.01
53857,0.02,0.01
53877,0.01,0.03
53897,0.02,0.02
53917,0.04,0.09
53937,0.04,0.01
53956,0.02,0.01
53976,0.05,0.01
53996,0.06,0.16
54016,0.02,0.16
54036,0.01,0.7
54055,0.01,0.64
54075,0.03,0.25
54095,0.03,0.03
54115,0.02,0.02
54135,0.11,0.05
54154,0.03,0.0
54174,0.05,0.0
54194,0.03,0.0
54214,0.02,0.0
54234,0.05,0.0
54253,0.02,0.01
54273,0.03,0.0
54293,0.03,0.0
54313,0.02,0.0
54332,0.02,0.0
54352,0.02,0.0
54372,0.02,0.0
54392,0.03,0.0
54412,0.04,0.0
54431,0.03,0.0
54451,0.05,0.0
54471,0.02,0.0
54491,0.02,0.0
54511,0.02,0.0
54530,0.03,0.0
54550,0.02,0.01
54570,0.02,0.0
54590,0.02,0.0
54610,0.02,0.0
54629,0.03,0.0
54649,0.02,0.0
54669,0.02,0.0
54689,0.02,0.0
54709,0.03,0.0
54728,0.03,0.02
54748,0.04,0.0
54768,0.03,0.0
54788,0.04,0.0
54808,0.02,0.0
54827,0.05,0.0
54847,0.05,0.0
54867,0.04,0.0
54887,0.03,0.0
54906,0.06,0.0
54926,0.04,0.0
54946,0.03,0.0
54966,0.04,0.0
54986,0.04,0.0
55005,0.04,0.0
55025,0.03,0.0
55045,0.05,0.0
55065,0.03,0.0
55085,0.04,0.0
55104,0.03,0.0
55124,0.02,0.0
55144,0.04,0.0
55164,0.02,0.0
55184,0.03,0.0
55203,0.04,0.0
55223,0.03,0.0
55243,0.02,0.0
55263,0.03,0.0
55283,0.03,0.0
55302,0.05,0.0
55322,0.04,0.01
55342,0.04,0.0
55362,0.03,0.0
55382,0.07,0.0
55401,0.03,0.0
55421,0.04,0.0
55441,0.05,0.0
55461,0.07,0.0
55480,0.06,0.0
55500,0.06,0.0
55520,0.06,0.0
55540,0.04,0.0
55560,0.06,0.0
55579,0.05,0.0
55599,0.04,0.0
55619,0.05,0.0
55639,0.06,0.0
55659,0.04,0.0
55678,0.04,0.0
55698,0.04,0.0
55718,0.07,0.0
55738,0.07,0.0
55758,0.08,0.0
55777,0.06,0.0
55797,0.03,0.0
55817,0.05,0.0
55837,0.06,0.0
55857,0.05,0.0
55876,0.09,0.0
55896,0.07,0.0
55916,0.04,0.0
55936,0.07,0.0
55956,0.08,0.0
55975,0.05,0.0
55995,0.06,0.0
56015,0.04,0.0
56035,0.13,0.0
56055,0.02,0.01
56074,0.08,0.11
56094,0.05,0.28
56114,0.04,0.26
56134,0.0,0.99
56153,0.0,1.0
56173,0.0,0.98
56193,0.0,0.98
56213,0.01,0.87
56233,0.02,0.79
56252,0.02,0.79
56272,0.02,0.27
56292,0.03,0.32
56312,0.02,0.24
56332,0.02,0.36
56351,0.01,0.3
56371,0.04,0.46
56391,0.02,0.24
56411,0.01,0.18
56431,0.03,0.25
56450,0.03,0.19
56470,0.03,0.17
56490,0.04,0.07
56510,0.02,0.06
56530,0.03,0.04
56549,0.04,0.02
56569,0.02,0.07
56589,0.04,0.07
56609,0.03,0.03
56629,0.03,0.03
56648,0.02,0.06
56668,0.03,0.02
56688,0.06,0.02
56708,0.04,0.02
56727,0.03,0.02
56747,0.02,0.07
56767,0.02,0.08
56787,0.02,0.21
56807,0.05,0.09
56826,0.04,0.03
56846,0.06,0.02
56866,0.03,0.01
56886,0.03,0.03
56906,0.04,0.02
56925,0.04,0.02
56945,0.04,0.01
56965,0.02,0.01
56985,0.04,0.01
57005,0.02,0.0
57024,0.05,0.02
57044,0.04,0.0
57064,0.04,0.01
57084,0.05,0.0
57104,0.03,0.01
57123,0.03,0.01
57143,0.04,0.01
57163,0.06,0.0
57183,0.04,0.0
57203,0.07,0.0
57222,0.09,0.0
57242,0.05,0.0
57262,0.03,0.0
57282,0.03,0.0
57301,0.03,0.0
57321,0.04,0.0
57341,0.03,0.01
57361,0.05,0.0
57381,0.03,0.01
57400,0.03,0.0
57420,0.06,0.0
57440,0.04,0.0
57460,0.04,0.0
57480,0.05,0.0
57499,0.03,0.0
57519,0.06,0.0
57539,0.04,0.0
57559,0.05,0.0
57579,0.07,0.0
57598,0.05,0.0
57618,0.04,0.0
57638,0.05,0.0
57658,0.07,0.0
57678,0.06,0.0
57697,0.11,0.0
57717,0.06,0.0
57737,0.05,0.0
57757,0.04,0.0
57777,0.03,0.0
57796,0.03,0.0
57816,0.03,0.0
57836,0.07,0.0
57856,0.03,0.0
57875,0.06,0.0
57895,0.04,0.0
57915,0.1,0.0
57935,0.06,0.0
57955,0.08,0.0
57974,0.05,0.0
57994,0.07,0.0
58014,0.04,0.0
58034,0.04,0.0
58054,0.05,0.0
58073,0.06,0.0
58093,0.06,0.0
58113,0.02,0.0
58133,0.07,0.0
58153,0.06,0.0
58172,0.06,0.0
58192,0.09,0.0
58212,0.06,0.0
58232,0.07,0.0
58252,0.05,0.0
58271,0.06,0.0
58291,0.07,0.0
58311,0.07,0.0
58331,0.04,0.0
58351,0.06,0.0
58370,0.07,0.0
58390,0.07,0.0
58410,0.06,0.0
58430,0.06,0.0
58449,0.06,0.0
58469,0.07,0.0
58489,0.04,0.0
58509,0.08,0.0
58529,0.04,0.0
58548,0.09,0.0
58568,0.04,0.0
58588,0.05,0.0
58608,0.06,0.0
58628,0.05,0.0
58647,0.05,0.0
58667,0.05,0.0
58687,0.06,0.0
58707,0.12,0.0
58727,0.13,0.0
58746,0.05,0.01
58766,0.05,0.01
58786,0.02,0.04
58806,0.02,0.29
58826,0.01,0.35
58845,0.04,0.48
58865,0.02,0.64
58885,0.01,0.91
58905,0.01,0.87
58925,0.01,0.84
58944,0.01,0.79
58964,0.01,0.85
58984,0.0,0.97
59004,0.01,0.79
59023,0.01,0.7
59043,0.01,0.48
59063,0.01,0.49
59083,0.02,0.47
59103,0.04,0.37
59122,0.03,0.56
59142,0.04,0.45
59162,0.01,0.74
59182,0.05,0.33
59202,0.05,0.45
59221,0.06,0.41
59241,0.06,0.24
59261,0.04,0.43
59281,0.02,0.04
59301,0.02,0.08
59320,0.04,0.04
59340,0.06,0.07
59360,0.03,0.01
59380,0.03,0.02
59400,0.06,0.01
59419,0.04,0.01
59439,0.09,0.0
59459,0.04,0.0
59479,0.04,0.0
59499,0.04,0.0
59518,0.04,0.01
59538,0.1,0.0
59558,0.03,0.01
59578,0.06,0.0
59597,0.06,0.0
59617,0.06,0.0
59637,0.07,0.0
59657,0.05,0.0
59677,0.07,0.0
59696,0.07,0.0
59716,0.07,0.0
59736,0.08,0.0
59756,0.08,0.0
59776,0.04,0.0
59795,0.05,0.0
59815,0.07,0.0
59835,0.06,0.0
59855,0.08,0.0
59875,0.06,0.0
59894,0.1,0.0
59914,0.12,0.0
59934,0.11,0.0
59954,0.14,0.0
59974,0.1,0.0
59993,0.13,0.0
60013,0.1,0.0
60033,0.09,0.0
60053,0.09,0.0
60073,0.08,0.0
60092,0.11,0.0
60112,0.09,0.0
60132,0.14,0.0
60152,0.13,0.0
60172,0.09,0.0
60191,0.07,0.0
60211,0.08,0.0
60231,0.09,0.0
60251,0.07,0.0
60270,0.09,0.0
60290,0.08,0.0
60310,0.1,0.0
60330,0.06,0.0
60350,0.05,0.0
60369,0.07,0.0
60389,0.09,0.0
60409,0.09,0.0
60429,0.09,0.0
60449,0.14,0.0
60468,0.09,0.0
60488,0.12,0.0
60508,0.08,0.0
60528,0.1,0.0
60548,0.08,0.0
60567,0.1,0.0
60587,0.05,0.0
60607,0.1,0.0
60627,0.09,0.0
60647,0.07,0.0
60666,0.06,0.0
60686,0.11,0.0
60706,0.07,0.0
60726,0.09,0.0
60746,0.09,0.0
60765,0.04,0.0
60785,0.06,0.0
60805,0.06,0.0
60825,0.07,0.0
60844,0.08,0.0
60864,0.07,0.0
60884,0.07,0.0
60904,0.09,0.0
60924,0.11,0.0
60943,0.07,0.0
60963,0.05,0.0
60983,0.09,0.0
61003,0.07,0.0
61023,0.08,0.0
61042,0.08,0.0
61062,0.04,0.01
61082,0.08,0.0
61102,0.05,0.0
61122,0.08,0.0
61141,0.03,0.0
61161,0.03,0.0
61181,0.03,0.0
61201,0.02,0.0
61221,0.03,0.0
61240,0.05,0.0
61260,0.03,0.0
61280,0.03,0.0
61300,0.06,0.0
61320,0.04,0.0
61339,0.05,0.0
61359,0.07,0.0
61379,0.06,0.0
61399,0.02,0.0
61418,0.03,0.01
61438,0.03,0.01
61458,0.03,0.0
61478,0.04,0.02
61498,0.05,0.01
61517,0.04,0.01
61537,0.03,0.01
61557,0.08,0.0
61577,0.05,0.0
61597,0.06,0.0
61616,0.06,0.0
61636,0.08,0.0
61656,0.06,0.0
61676,0.08,0.0
61696,0.06,0.0
61715,0.04,0.0
61735,0.07,0.0
61755,0.06,0.0
61775,0.03,0.0
61795,0.08,0.0
61814,0.08,0.0
61834,0.14,0.0
61854,0.09,0.0
61874,0.12,0.0
61894,0.06,0.0
61913,0.09,0.0
61933,0.07,0.0
61953,0.04,0.0
61973,0.11,0.0
61992,0.09,0.0
62012,0.06,0.0
62032,0.09,0.0
62052,0.11,0.0
62072,0.08,0.0
62091,0.08,0.0
62111,0.06,0.0
62131,0.06,0.0
62151,0.12,0.0
62171,0.17,0.0
62190,0.12,0.0
62210,0.06,0.0
62230,0.09,0.0
62250,0.08,0.0
62270,0.14,0.0
62289,0.1,0.0
62309,0.15,0.0
62329,0.05,0.0
62349,0.11,0.0
62369,0.07,0.0
62388,0.11,0.0
62408,0.08,0.0
62428,0.07,0.0
62448,0.12,0.0
62468,0.11,0.0
62487,0.06,0.0
62507,0.07,0.0
62527,0.06,0.0
62547,0.13,0.0
62566,0.03,0.0
62586,0.06,0.0
62606,0.06,0.0
62626,0.08,0.0
62646,0.08,0.0
62665,0.07,0.0
62685,0.08,0.0
62705,0.05,0.0
62725,0.04,0.0
62745,0.04,0.0
62764,0.03,0.0
62784,0.1,0.0
62804,0.06,0.0
62824,0.09,0.0
62844,0.05,0.0
62863,0.06,0.0
62883,0.08,0.0
62903,0.06,0.0
62923,0.08,0.0
62943,0.1,0.0
62962,0.11,0.0
62982,0.07,0.0
63002,0.11,0.0
63022,0.11,0.0
63042,0.08,0.0
63061,0.09,0.0
63081,0.09,0.0
63101,0.08,0.0
63121,0.05,0.0
63140,0.09,0.0
63160,0.05,0.0
63180,0.12,0.0
63200,0.09,0.0
63220,0.04,0.0
63239,0.07,0.0
63259,0.09,0.0
63279,0.09,0.0
63299,0.09,0.0
63319,0.08,0.0
63338,0.1,0.0
63358,0.05,0.0
63378,0.07,0.0
63398,0.1,0.0
63418,0.13,0.0
63437,0.11,0.0
63457,0.11,0.0
63477,0.05,0.0
63497,0.15,0.0
63517,0.1,0.0
63536,0.09,0.0
63556,0.09,0.0
63576,0.09,0.0
63596,0.18,0.0
63616,0.1,0.0
63635,0.08,0.0
63655,0.17,0.0
63675,0.1,0.0
63695,0.1,0.0
63714,0.07,0.0
63734,0.06,0.0
63754,0.15,0.0
63774,0.06,0.0
63794,0.05,0.0
63813,0.06,0.0
63833,0.05,0.0
63853,0.06,0.0
63873,0.06,0.0
63893,0.05,0.0
63912,0.07,0.0
63932,0.11,0.0
63952,0.07,0.0
63972,0.07,0.0
63992,0.09,0.0
64011,0.12,0.0
64031,0.05,0.0
64051,0.05,0.0
64071,0.04,0.0
64091,0.08,0.0
64110,0.06,0.0
64130,0.1,0.0
64150,0.04,0.0
64170,0.04,0.01
64190,0.09,0.0
64209,0.22,0.01
64229,0.04,0.0
64249,0.03,0.01
64269,0.02,0.0
64288,0.02,0.0
64308,0.06,0.0
64328,0.04,0.0
64348,0.1,0.0
64368,0.06,0.0
64387,0.08,0.0
64407,0.06,0.0
64427,0.08,0.0
64447,0.1,0.0
64467,0.06,0.0
64486,0.09,0.0
64506,0.13,0.0
64526,0.11,0.0
64546,0.07,0.0
64566,0.1,0.0
64585,0.09,0.0
64605,0.11,0.0
64625,0.16,0.0
64645,0.09,0.0
64665,0.14,0.0
64684,0.13,0.0
64704,0.21,0.0
64724,0.04,0.0
64744,0.06,0.0
64764,0.1,0.01
64783,0.03,0.0
64803,0.02,0.0
64823,0.03,0.0
64843,0.03,0.0
64863,0.02,0.0
64882,0.02,0.0
64902,0.02,0.0
64922,0.03,0.0
64942,0.05,0.0
64961,0.06,0.0
64981,0.05,0.0
65001,0.04,0.0
65021,0.08,0.0
65041,0.03,0.0
65060,0.04,0.0
65080,0.06,0.0
65100,0.04,0.0
65120,0.06,0.0
65140,0.03,0.0
65159,0.05,0.0
65179,0.05,0.0
65199,0.04,0.0
65219,0.06,0.0
65239,0.08,0.0
65258,0.12,0.0
65278,0.07,0.0
65298,0.08,0.0
65318,0.09,0.0
65338,0.1,0.0
65357,0.11,0.0
65377,0.07,0.0
65397,0.07,0.0
65417,0.09,0.0
65437,0.09,0.0
65456,0.1,0.0
65476,0.08,0.0
65496,0.07,0.0
65516,0.06,0.0
65535,0.09,0.0
65555,0.05,0.0
65575,0.08,0.0
65595,0.1,0.0
65615,0.07,0.0
65634,0.12,0.0
65654,0.11,0.0
65674,0.05,0.0
65694,0.05,0.0
65714,0.05,0.0
65733,0.05,0.0
65753,0.11,0.0
65773,0.04,0.0
65793,0.04,0.0
65813,0.06,0.0
65832,0.11,0.0
65852,0.08,0.0
65872,0.07,0.0
65892,0.13,0.0
65912,0.1,0.0
65931,0.08,0.0
65951,0.05,0.0
65971,0.07,0.0
65991,0.06,0.0
66011,0.09,0.0
66030,0.04,0.0
66050,0.06,0.0
66070,0.1,0.0
66090,0.07,0.0
66109,0.05,0.0
66129,0.07,0.0
66149,0.16,0.0
66169,0.07,0.0
66189,0.03,0.0
66208,0.05,0.0
66228,0.1,0.0
66248,0.05,0.0
66268,0.1,0.0
66288,0.11,0.0
66307,0.03,0.0
66327,0.08,0.0
66347,0.06,0.0
66367,0.09,0.0
66387,0.05,0.0
66406,0.08,0.0
66426,0.1,0.0
66446,0.08,0.0
66466,0.11,0.0
66486,0.07,0.0
66505,0.07,0.0
66525,0.05,0.0
66545,0.09,0.0
66565,0.06,0.0
66585,0.08,0.0
66604,0.06,0.0
66624,0.08,0.0
66644,0.1,0.0
66664,0.06,0.0
66683,0.06,0.0
66703,0.06,0.0
66723,0.11,0.0
66743,0.13,0.0
66763,0.08,0.0
66782,0.05,0.0
66802,0.15,0.0
66822,0.15,0.0
66842,0.1,0.0
66862,0.1,0.0
66881,0.12,0.0
66901,0.09,0.0
66921,0.03,0.03
66941,0.02,0.15
66961,0.03,0.19
66980,0.01,0.16
67000,0.03,0.18
67020,0.05,0.13
67040,0.05,0.12
67060,0.02,0.08
67079,0.05,0.09
67099,0.03,0.12
67119,0.02,0.11
67139,0.03,0.08
67159,0.04,0.05
67178,0.04,0.05
67198,0.07,0.03
67218,0.04,0.04
67238,0.02,0.04
67257,0.05,0.02
67277,0.07,0.03
67297,0.07,0.02
67317,0.07,0.03
67337,0.05,0.03
67356,0.01,0.06
67376,0.05,0.04
67396,0.03,0.07
67416,0.03,0.03
67436,0.04,0.07
67455,0.03,0.08
67475,0.04,0.06
67495,0.03,0.3
67515,0.04,0.11
67535,0.02,0.14
67554,0.02,0.06
67574,0.05,0.13
67594,0.05,0.03
67614,0.06,0.04
67634,0.12,0.03
67653,0.03,0.08
67673,0.04,0.08
67693,0.04,0.04
67713,0.05,0.05
67733,0.06,0.03
67752,0.04,0.02
67772,0.07,0.02
67792,0.05,0.02
67812,0.08,0.02
67831,0.09,0.01
67851,0.06,0.04
67871,0.05,0.02
67891,0.05,0.03
67911,0.1,0.02
67930,0.07,0.04
67950,0.05,0.03
67970,0.05,0.04
67990,0.1,0.02
68010,0.03,0.05
68029,0.06,0.07
68049,0.11,0.05
68069,0.05,0.13
68089,0.05,0.16
68109,0.05,0.13
68128,0.04,0.16
68148,0.06,0.12
68168,0.06,0.2
68188,0.06,0.08
68208,0.05,0.1
68227,0.04,0.06
68247,0.05,0.06
68267,0.03,0.27
68287,0.04,0.12
68307,0.08,0.11
68326,0.06,0.04
68346,0.04,0.06
68366,0.04,0.1
68386,0.11,0.01
68405,0.07,0.15
68425,0.04,0.01
68445,0.02,0.0
68465,0.08,0.0
68485,0.02,0.0
68504,0.04,0.0
68524,0.03,0.0
68544,0.03,0.01
68564,0.06,0.01
68584,0.03,0.0
68603,0.04,0.0
68623,0.08,0.01
68643,0.04,0.0
68663,0.05,0.0
68683,0.05,0.0
68702,0.1,0.0
68722,0.08,0.01
68742,0.04,0.0
68762,0.05,0.0
68782,0.08,0.0
68801,0.08,0.0
68821,0.03,0.0
68841,0.1,0.0
68861,0.06,0.0
68881,0.12,0.0
68900,0.06,0.0
68920,0.11,0.0
68940,0.05,0.0
68960,0.06,0.0
68980,0.1,0.0
68999,0.06,0.0
69019,0.09,0.0
69039,0.06,0.0
69059,0.12,0.0
69078,0.07,0.0
69098,0.08,0.0
69118,0.12,0.0
69138,0.07,0.0
69158,0.09,0.0
69177,0.09,0.0
69197,0.11,0.0
69217,0.05,0.0
69237,0.19,0.0
69257,0.11,0.0
69276,0.08,0.0
69296,0.09,0.0
69316,0.1,0.0
69336,0.1,0.0
69356,0.1,0.0
69375,0.07,0.0
69395,0.07,0.0
69415,0.11,0.0
69435,0.06,0.0
69455,0.08,0.0
69474,0.04,0.0
69494,0.11,0.0
69514,0.07,0.0
69534,0.12,0.0
69554,0.08,0.0
69573,0.08,0.0
69593,0.07,0.0
69613,0.11,0.0
69633,0.11,0.0
69652,0.08,0.0
69672,0.13,0.0
69692,0.07,0.0
69712,0.13,0.0
69732,0.09,0.0
69751,0.09,0.0
69771,0.09,0.0
69791,0.05,0.0
69811,0.06,0.0
69831,0.07,0.0
69850,0.06,0.0
69870,0.09,0.0
69890,0.05,0.0
69910,0.05,0.0
69930,0.06,0.0
69949,0.06,0.0
69969,0.04,0.0
69989,0.04,0.0
70009,0.06,0.0
70029,0.05,0.0
70048,0.11,0.0
70068,0.08,0.0
70088,0.12,0.0
70108,0.09,0.0
70128,0.08,0.0
70147,0.08,0.0
70167,0.05,0.0
70187,0.05,0.0
70207,0.06,0.0
70226,0.07,0.0
70246,0.05,0.0
70266,0.1,0.0
70286,0.07,0.0
70306,0.1,0.0
70325,0.08,0.0
70345,0.07,0.0
70365,0.06,0.0
70385,0.12,0.0
70405,0.09,0.0
70424,0.1,0.0
70444,0.18,0.0
70464,0.02,0.0
70484,0.04,0.02
70504,0.03,0.21
70523,0.04,0.22
70543,0.03,0.26
70563,0.06,0.17
70583,0.04,0.11
70603,0.03,0.05
70622,0.05,0.06
70642,0.03,0.07
70662,0.05,0.02
70682,0.05,0.05
70702,0.07,0.01
70721,0.09,0.01
70741,0.06,0.01
70761,0.05,0.01
70781,0.07,0.0
70800,0.04,0.01
70820,0.03,0.0
70840,0.06,0.01
70860,0.08,0.0
70880,0.05,0.0
70899,0.04,0.0
70919,0.06,0.0
70939,0.05,0.0
70959,0.07,0.0
70979,0.06,0.0
70998,0.19,0.0
71018,0.06,0.0
71038,0.09,0.0
71058,0.09,0.0
71078,0.07,0.0
71097,0.09,0.0
71117,0.08,0.01
71137,0.05,0.05
71157,0.1,0.03
71177,0.04,0.06
71196,0.02,0.24
71216,0.03,0.2
71236,0.02,0.16
71256,0.04,0.07
71276,0.03,0.11
71295,0.01,0.03
71315,0.02,0.26
71335,0.01,0.2
71355,0.01,0.11
71374,0.02,0.06
71394,0.02,0.11
71414,0.01,0.05
71434,0.06,0.03
71454,0.02,0.0
71473,0.05,0.0
71493,0.03,0.0
71513,0.06,0.0
71533,0.05,0.0
71553,0.05,0.0
71572,0.07,0.0
71592,0.12,0.0
71612,0.09,0.0
71632,0.08,0.0
71652,0.04,0.0
71671,0.02,0.0
71691,0.02,0.01
71711,0.02,0.01
71731,0.03,0.0
71751,0.02,0.0
71770,0.04,0.0
71790,0.01,0.0
71810,0.03,0.0
71830,0.04,0.0
71850,0.07,0.0
71869,0.02,0.0
71889,0.05,0.0
71909,0.03,0.0
71929,0.03,0.0
71948,0.06,0.0
71968,0.05,0.0
71988,0.06,0.0
72008,0.04,0.0
72028,0.04,0.0
72047,0.05,0.0
72067,0.04,0.0
72087,0.07,0.0
72107,0.04,0.0
72127,0.09,0.0
72146,0.06,0.0
72166,0.06,0.0
72186,0.05,0.0
72206,0.03,0.0
72226,0.05,0.0
72245,0.07,0.0
72265,0.04,0.0
72285,0.05,0.0
72305,0.04,0.0
72325,0.04,0.0
72344,0.03,0.0
72364,0.08,0.0
72384,0.04,0.0
72404,0.1,0.0
72424,0.05,0.0
72443,0.07,0.0
72463,0.06,0.0
72483,0.05,0.0
72503,0.06,0.0
72522,0.05,0.0
72542,0.06,0.0
72562,0.06,0.0
72582,0.05,0.0
72602,0.05,0.0
72621,0.08,0.0
72641,0.13,0.0
72661,0.13,0.0
72681,0.08,0.0
72701,0.08,0.0
72720,0.12,0.0
72740,0.11,0.0
72760,0.08,0.0
72780,0.05,0.0
72800,0.08,0.0
72819,0.07,0.0
72839,0.04,0.0
72859,0.05,0.0
72879,0.06,0.0
72899,0.05,0.0
72918,0.05,0.0
72938,0.09,0.0
72958,0.07,0.0
72978,0.11,0.0
72998,0.11,0.0
73017,0.08,0.0
73037,0.06,0.0
73057,0.08,0.0
73077,0.09,0.0
73096,0.06,0.0
73116,0.07,0.0
73136,0.05,0.0
73156,0.03,0.0
73176,0.02,0.0
73195,0.04,0.0
73215,0.05,0.0
73235,0.07,0.0
73255,0.06,0.0
73275,0.05,0.0
73294,0.04,0.0
73314,0.06,0.0
73334,0.05,0.0
73354,0.05,0.0
73374,0.07,0.0
73393,0.05,0.0
73413,0.1,0.0
73433,0.04,0.0
73453,0.02,0.0
73473,0.01,0.01
73492,0.01,0.02
73512,0.02,0.01
73532,0.03,0.01
73552,0.03,0.09
73572,0.02,0.02
73591,0.02,0.01
73611,0.03,0.01
73631,0.05,0.0
73651,0.12,0.0
73671,0.06,0.0
73690,0.03,0.0
73710,0.05,0.0
73730,0.04,0.0
73750,0.06,0.0
73769,0.1,0.0
73789,0.1,0.0
73809,0.04,0.0
73829,0.08,0.0
73849,0.07,0.0
73868,0.04,0.0
73888,0.03,0.0
73908,0.04,0.0
73928,0.02,0.0
73948,0.02,0.0
73967,0.02,0.0
73987,0.03,0.0
74007,0.08,0.0
74027,0.04,0.0
74047,0.04,0.0
74066,0.03,0.0
74086,0.07,0.0
74106,0.09,0.0
74126,0.07,0.0
74146,0.05,0.0
74165,0.08,0.0
74185,0.08,0.0
74205,0.08,0.0
74225,0.06,0.0
74245,0.03,0.0
74264,0.05,0.0
74284,0.04,0.01
74304,0.05,0.03
74324,0.04,0.18
74343,0.04,0.37
74363,0.03,0.57
74383,0.02,0.6
74403,0.02,0.51
74423,0.01,0.69
74442,0.02,0.72
74462,0.02,0.27
74482,0.06,0.3
74502,0.05,0.12
74522,0.05,0.15
74541,0.04,0.03
74561,0.05,0.03
74581,0.06,0.02
74601,0.02,0.01
74621,0.03,0.02
74640,0.04,0.01
74660,0.06,0.0
74680,0.07,0.0
74700,0.08,0.0
74720,0.05,0.0
74739,0.09,0.0
74759,0.07,0.0
74779,0.07,0.0
74799,0.13,0.0
74819,0.08,0.0
74838,0.05,0.0
74858,0.06,0.0
74878,0.07,0.0
74898,0.06,0.0
74917,0.15,0.0
74937,0.12,0.0
74957,0.12,0.0
74977,0.12,0.0
74997,0.14,0.0
75016,0.08,0.0
75036,0.07,0.0
75056,0.06,0.02
75076,0.02,0.01
75096,0.07,0.01
75115,0.03,0.01
75135,0.04,0.01
75155,0.03,0.01
75175,0.06,0.0
75195,0.04,0.01
75214,0.07,0.0
75234,0.07,0.0
75254,0.04,0.0
75274,0.09,0.0
75294,0.09,0.0
75313,0.07,0.0
75333,0.05,0.0
75353,0.04,0.0
75373,0.07,0.0
75393,0.05,0.0
75412,0.04,0.0
75432,0.08,0.02
75452,0.05,0.01
75472,0.02,0.01
75491,0.04,0.04
75511,0.03,0.07
75531,0.07,0.2
75551,0.03,0.07
75571,0.03,0.2
75590,0.05,0.09
75610,0.02,0.14
75630,0.06,0.04
75650,0.03,0.17
75670,0.03,0.06
75689,0.03,0.03
75709,0.04,0.06
75729,0.05,0.04
75749,0.03,0.02
75769,0.05,0.03
75788,0.03,0.04
75808,0.03,0.03
75828,0.1,0.01
75848,0.1,0.01
75868,0.06,0.01
75887,0.04,0.0
75907,0.05,0.0
75927,0.02,0.0
75947,0.03,0.0
75967,0.03,0.0
75986,0.04,0.0
76006,0.04,0.01
76026,0.07,0.0
76046,0.06,0.0
76065,0.04,0.0
76085,0.05,0.0
76105,0.04,0.0
76125,0.05,0.0
76145,0.04,0.0
76164,0.07,0.0
76184,0.08,0.0
76204,0.07,0.0
76224,0.07,0.0
76244,0.03,0.0
76263,0.05,0.0
76283,0.01,0.0
76303,0.05,0.0
76323,0.06,0.0
76343,0.05,0.0
76362,0.01,0.0
76382,0.03,0.0
76402,0.01,0.0
76422,0.06,0.0
76442,0.05,0.0
76461,0.04,0.0
76481,0.05,0.0
76501,0.03,0.0
76521,0.07,0.0
76541,0.04,0.0
76560,0.04,0.0
76580,0.05,0.0
76600,0.06,0.0
76620,0.05,0.0
76639,0.07,0.0
76659,0.06,0.0
76679,0.05,0.0
76699,0.08,0.0
76719,0.08,0.0
76738,0.08,0.0
76758,0.06,0.0
76778,0.09,0.0
76798,0.06,0.0
76818,0.06,0.0
76837,0.04,0.0
76857,0.08,0.01
76877,0.04,0.08
76897,0.03,0.45
76917,0.02,0.7
76936,0.01,0.74
76956,0.04,0.58
76976,0.01,0.47
76996,0.02,0.23
77016,0.01,0.66
77035,0.02,0.73
77055,0.0,0.9
77075,0.01,0.57
77095,0.02,0.32
77115,0.03,0.14
77134,0.03,0.13
77154,0.02,0.36
77174,0.03,0.12
77194,0.02,0.16
77213,0.04,0.09
77233,0.03,0.15
77253,0.07,0.1
77273,0.03,0.04
77293,0.03,0.04
77312,0.02,0.04
77332,0.02,0.08
77352,0.02,0.02
77372,0.05,0.03
77392,0.02,0.02
77411,0.02,0.03
77431,0.04,0.01
77451,0.04,0.01
77471,0.02,0.01
77491,0.03,0.0
77510,0.07,0.0
77530,0.01,0.0
77550,0.02,0.0
77570,0.02,0.01
77590,0.02,0.01
77609,0.03,0.0
77629,0.02,0.01
77649,0.08,0.01
77669,0.04,0.01
77689,0.05,0.0
77708,0.03,0.0
77728,0.04,0.0
77748,0.02,0.01
77768,0.03,0.0
77788,0.08,0.0
77807,0.07,0.0
77827,0.07,0.0
77847,0.02,0.0
77867,0.05,0.01
77886,0.03,0.0
77906,0.04,0.0
77926,0.09,0.04
77946,0.02,0.01
77966,0.04,0.01
77985,0.06,0.07
78005,0.04,0.56
78025,0.01,0.83
78045,0.0,0.95
78065,0.0,0.91
78084,0.02,0.62
78104,0.01,0.74
78124,0.01,0.53
78144,0.02,0.13
78164,0.04,0.28
78183,0.02,0.26
78203,0.02,0.24
78223,0.04,0.09
78243,0.01,0.49
78263,0.03,0.12
78282,0.02,0.35
78302,0.02,0.15
78322,0.02,0.09
78342,0.06,0.02
78362,0.02,0.02
78381,0.02,0.02
78401,0.02,0.01
78421,0.01,0.01
78441,0.02,0.01
78460,0.02,0.01
78480,0.04,0.0
78500,0.04,0.0
78520,0.06,0.0
78540,0.04,0.0
78559,0.06,0.0
78579,0.04,0.0
78599,0.05,0.0
78619,0.02,0.0
78639,0.04,0.0
78658,0.05,0.0
78678,0.05,0.0
78698,0.06,0.0
78718,0.04,0.09
78738,0.02,0.51
78757,0.03,0.16
78777,0.04,0.07
78797,0.04,0.1
78817,0.02,0.05
78837,0.01,0.04
78856,0.02,0.03
78876,0.01,0.03
78896,0.02,0.02
78916,0.01,0.02
78936,0.02,0.01
78955,0.03,0.01
78975,0.02,0.01
78995,0.02,0.01
79015,0.02,0.01
79034,0.03,0.0
79054,0.02,0.0
79074,0.02,0.01
79094,0.05,0.0
79114,0.03,0.0
79133,0.02,0.0
79153,0.01,0.0
79173,0.06,0.0
79193,0.08,0.0
79213,0.05,0.01
79232,0.05,0.01
79252,0.03,0.0
79272,0.04,0.0
79292,0.03,0.0
79312,0.04,0.0
79331,0.02,0.0
79351,0.02,0.0
79371,0.03,0.01
79391,0.04,0.0
79411,0.03,0.0
79430,0.05,0.0
79450,0.03,0.0
79470,0.02,0.0
79490,0.03,0.0
79510,0.05,0.0
79529,0.04,0.0
79549,0.02,0.0
79569,0.03,0.0
79589,0.03,0.0
79608,0.03,0.0
79628,0.04,0.0
79648,0.04,0.0
79668,0.03,0.0
79688,0.02,0.0
79707,0.06,0.0
79727,0.02,0.0
79747,0.07,0.0
79767,0.01,0.0
79787,0.05,0.0
79806,0.04,0.0
79826,0.05,0.0
79846,0.04,0.0
79866,0.03,0.0
79886,0.07,0.0
79905,0.03,0.0
79925,0.05,0.0
79945,0.03,0.0
79965,0.04,0.0
79985,0.02,0.0
80004,0.09,0.0
80024,0.03,0.0
80044,0.02,0.0
80064,0.07,0.0
80084,0.05,0.0
80103,0.06,0.0
80123,0.01,0.02
80143,0.03,0.05
80163,0.01,0.49
80182,0.01,0.28
80202,0.02,0.08
80222,0.01,0.07
80242,0.01,0.22
80262,0.02,0.21
80281,0.04,0.04
80301,0.02,0.15
80321,0.03,0.07
80341,0.02,0.05
80361,0.02,0.04
80380,0.02,0.02
80400,0.03,0.09
80420,0.01,0.01
80440,0.01,0.02
80460,0.02,0.02
80479,0.01,0.01
80499,0.03,0.0
80519,0.03,0.0
80539,0.04,0.0
80559,0.03,0.0
80578,0.05,0.01
80598,0.04,0.01
80618,0.03,0.01
80638,0.03,0.0
80658,0.02,0.02
80677,0.03,0.02
80697,0.02,0.01
80717,0.02,0.01
80737,0.05,0.0
80756,0.02,0.0
80776,0.04,0.0
80796,0.04,0.0
80816,0.03,0.0
80836,0.03,0.0
80855,0.02,0.01
80875,0.03,0.01
80895,0.03,0.0
80915,0.05,0.0
80935,0.02,0.0
80954,0.03,0.0
80974,0.04,0.0
80994,0.03,0.01
81014,0.03,0.0
81034,0.03,0.0
81053,0.03,0.0
81073,0.04,0.01
81093,0.03,0.01
81113,0.02,0.0
81133,0.02,0.0
81152,0.05,0.01
81172,0.05,0.08
81192,0.11,0.12
81212,0.01,0.16
81232,0.01,0.01
81251,0.03,0.01
81271,0.03,0.01
81291,0.01,0.0
81311,0.01,0.01
81330,0.01,0.0
81350,0.01,0.0
81370,0.02,0.0
81390,0.01,0.0
81410,0.02,0.0
81429,0.02,0.0
81449,0.01,0.0
81469,0.03,0.0
81489,0.03,0.0
81509,0.03,0.0
81528,0.02,0.0
81548,0.03,0.0
81568,0.02,0.0
81588,0.03,0.0
81608,0.04,0.0
81627,0.02,0.0
81647,0.05,0.0
81667,0.04,0.0
81687,0.04,0.0
81707,0.05,0.0
81726,0.04,0.0
81746,0.04,0.0
81766,0.03,0.0
81786,0.05,0.0
81806,0.04,0.0
81825,0.06,0.0
81845,0.05,0.0
81865,0.04,0.0
81885,0.04,0.0
81904,0.03,0.0
81924,0.02,0.0
81944,0.03,0.0
81964,0.1,0.0
81984,0.07,0.0
82003,0.05,0.0
82023,0.08,0.0
82043,0.02,0.0
82063,0.02,0.01
82083,0.04,0.01
82102,0.04,0.0
82122,0.03,0.07
82142,0.03,0.13
82162,0.03,0.23
82182,0.03,0.14
82201,0.04,0.11
82221,0.04,0.06
82241,0.05,0.07
82261,0.03,0.05
82281,0.05,0.0
82300,0.03,0.0
82320,0.02,0.0
82340,0.01,0.0
82360,0.02,0.0
82380,0.02,0.0
82399,0.02,0.0
82419,0.04,0.0
82439,0.02,0.0
82459,0.06,0.0
82479,0.03,0.0
82498,0.04,0.0
82518,0.03,0.0
82538,0.04,0.0
82558,0.05,0.0
82577,0.06,0.0
82597,0.06,0.0
82617,0.06,0.0
82637,0.04,0.0
82657,0.04,0.0
82676,0.07,0.0
82696,0.04,0.0
82716,0.03,0.0
82736,0.04,0.0
82756,0.05,0.0
82775,0.02,0.0
82795,0.05,0.0
82815,0.03,0.0
82835,0.03,0.0
82855,0.04,0.0
82874,0.04,0.0
82894,0.05,0.0
82914,0.05,0.0
82934,0.08,0.0
82954,0.02,0.0
82973,0.07,0.0
82993,0.03,0.0
83013,0.07,0.0
83033,0.06,0.0
83053,0.07,0.0
83072,0.03,0.0
83092,0.06,0.0
83112,0.05,0.0
83132,0.04,0.0
83151,0.06,0.0
83171,0.04,0.0
83191,0.05,0.0
83211,0.04,0.0
83231,0.07,0.0
83250,0.1,0.0
83270,0.08,0.0
83290,0.06,0.0
83310,0.09,0.0
83330,0.09,0.0
83349,0.08,0.0
83369,0.05,0.0
83389,0.08,0.0
83409,0.07,0.0
83429,0.06,0.0
83448,0.12,0.0
83468,0.09,0.0
83488,0.12,0.0
83508,0.08,0.0
83528,0.06,0.0
83547,0.08,0.0
83567,0.06,0.0
83587,0.09,0.0
83607,0.07,0.0
83627,0.03,0.0
83646,0.02,0.02
83666,0.01,0.03
83686,0.01,0.11
83706,0.04,0.12
83725,0.01,0.05
83745,0.03,0.13
83765,0.04,0.1
83785,0.04,0.03
83805,0.02,0.07
83824,0.04,0.04
83844,0.04,0.02
83864,0.03,0.02
83884,0.05,0.01
83904,0.02,0.01
83923,0.02,0.0
83943,0.03,0.01
83963,0.01,0.0
83983,0.02,0.0
84003,0.03,0.0
84022,0.03,0.0
84042,0.02,0.0
84062,0.03,0.0
84082,0.04,0.0
84102,0.06,0.0
84121,0.06,0.0
84141,0.05,0.0
84161,0.05,0.0
84181,0.06,0.0
84201,0.06,0.0
84220,0.08,0.0
84240,0.06,0.0
84260,0.06,0.0
84280,0.06,0.0
84299,0.06,0.0
84319,0.05,0.0
84339,0.06,0.0
84359,0.04,0.0
84379,0.07,0.0
84398,0.04,0.0
84418,0.05,0.0
84438,0.04,0.0
84458,0.05,0.0
84478,0.07,0.0
84497,0.08,0.0
84517,0.12,0.0
84537,0.1,0.0
84557,0.06,0.0
84577,0.07,0.0
84596,0.08,0.0
84616,0.08,0.0
84636,0.09,0.0
84656,0.08,0.0
84676,0.06,0.0
84695,0.1,0.0
84715,0.07,0.0
84735,0.05,0.0
84755,0.07,0.0
84775,0.08,0.0
84794,0.1,0.0
84814,0.07,0.0
84834,0.14,0.0
84854,0.08,0.0
84873,0.06,0.0
84893,0.04,0.0
84913,0.05,0.0
84933,0.06,0.0
84953,0.03,0.0
84972,0.07,0.0
84992,0.07,0.0
85012,0.09,0.0
85032,0.05,0.0
85052,0.08,0.0
85071,0.06,0.0
85091,0.05,0.0
85111,0.08,0.0
85131,0.08,0.0
85151,0.03,0.0
85170,0.06,0.0
85190,0.06,0.0
85210,0.06,0.0
85230,0.06,0.0
85250,0.07,0.0
85269,0.07,0.0
85289,0.09,0.0
85309,0.05,0.0
85329,0.11,0.0
85349,0.1,0.0
85368,0.04,0.0
85388,0.1,0.0
85408,0.06,0.0
85428,0.04,0.0
85447,0.02,0.0
85467,0.09,0.0
85487,0.03,0.0
85507,0.03,0.0
85527,0.04,0.0
85546,0.04,0.0
85566,0.06,0.0
85586,0.04,0.0
85606,0.05,0.0
85626,0.05,0.0
85645,0.05,0.0
85665,0.04,0.0
85685,0.08,0.0
85705,0.07,0.0
85725,0.02,0.0
85744,0.01,0.01
85764,0.02,0.02
85784,0.02,0.01
85804,0.02,0.01
85824,0.04,0.02
85843,0.02,0.02
85863,0.02,0.0
85883,0.02,0.0
85903,0.03,0.01
85923,0.02,0.0
85942,0.02,0.0
85962,0.02,0.0
85982,0.03,0.0
86002,0.02,0.0
86021,0.03,0.0
86041,0.05,0.0
86061,0.02,0.0
86081,0.03,0.0
86101,0.02,0.0
86120,0.02,0.0
86140,0.02,0.0
86160,0.03,0.0
86180,0.02,0.0
86200,0.01,0.01
86219,0.02,0.0
86239,0.02,0.0
86259,0.05,0.0
86279,0.02,0.0
86299,0.01,0.01
86318,0.01,0.01
86338,0.01,0.01
86358,0.03,0.01
86378,0.01,0.03
86398,0.02,0.04
86417,0.01,0.05
86437,0.02,0.05
86457,0.03,0.04
86477,0.02,0.05
86497,0.02,0.14
86516,0.01,0.06
86536,0.03,0.08
86556,0.02,0.13
86576,0.01,0.07
86595,0.02,0.07
86615,0.04,0.14
86635,0.02,0.07
86655,0.01,0.03
86675,0.01,0.14
86694,0.01,0.01
86714,0.02,0.04
86734,0.04,0.02
86754,0.03,0.01
86774,0.02,0.03
86793,0.01,0.03
86813,0.02,0.01
86833,0.02,0.01
86853,0.02,0.01
86873,0.03,0.0
86892,0.02,0.0
86912,0.02,0.0
86932,0.04,0.0
86952,0.03,0.0
86972,0.02,0.0
86991,0.04,0.0
87011,0.04,0.0
87031,0.02,0.0
87051,0.02,0.0
87071,0.03,0.0
87090,0.03,0.0
87110,0.03,0.0
87130,0.03,0.0
87150,0.04,0.0
87170,0.04,0.0
87189,0.02,0.0
87209,0.02,0.0
87229,0.03,0.0
87249,0.05,0.0
87268,0.04,0.0
87288,0.04,0.0
87308,0.03,0.0
87328,0.02,0.0
87348,0.03,0.0
87367,0.03,0.0
87387,0.02,0.0
87407,0.04,0.0
87427,0.05,0.0
87447,0.03,0.0
87466,0.03,0.0
87486,0.05,0.0
87506,0.04,0.0
87526,0.04,0.0
87546,0.02,0.0
87565,0.04,0.0
87585,0.02,0.0
87605,0.01,0.0
87625,0.06,0.01
87645,0.04,0.06
87664,0.02,0.59
87684,0.04,0.43
87704,0.04,0.26
87724,0.03,0.29
87744,0.03,0.23
87763,0.02,0.08
87783,0.04,0.18
87803,0.04,0.01
87823,0.01,0.02
87842,0.05,0.0
87862,0.03,0.0
87882,0.04,0.0
87902,0.03,0.01
87922,0.03,0.0
87941,0.05,0.0
87961,0.03,0.0
87981,0.03,0.0
88001,0.04,0.0
88021,0.04,0.0
88040,0.02,0.0
88060,0.03,0.0
88080,0.03,0.0
88100,0.01,0.0
88120,0.04,0.0
88139,0.01,0.01
88159,0.03,0.01
88179,0.05,0.01
88199,0.01,0.03
88219,0.02,0.02
88238,0.02,0.01
88258,0.02,0.01
88278,0.02,0.01
88298,0.01,0.04
88318,0.01,0.01
88337,0.01,0.0
88357,0.02,0.0
88377,0.02,0.0
88397,0.03,0.0
88416,0.01,0.0
88436,0.01,0.0
88456,0.03,0.0
88476,0.02,0.0
88496,0.07,0.0
88515,0.02,0.0
88535,0.03,0.0
88555,0.02,0.0
88575,0.05,0.0
88595,0.05,0.0
88614,0.04,0.0
88634,0.06,0.0
88654,0.03,0.0
88674,0.03,0.0
88694,0.04,0.0
88713,0.05,0.0
88733,0.05,0.0
88753,0.03,0.0
88773,0.04,0.0
88793,0.05,0.0
88812,0.04,0.0
88832,0.06,0.0
88852,0.04,0.0
88872,0.03,0.0
88892,0.06,0.0
88911,0.03,0.0
88931,0.04,0.0
88951,0.03,0.0
88971,0.06,0.0
88990,0.04,0.0
89010,0.05,0.0
89030,0.03,0.0
89050,0.05,0.0
89070,0.04,0.0
89089,0.04,0.0
89109,0.07,0.0
89129,0.03,0.0
89149,0.06,0.0
89169,0.05,0.0
89188,0.05,0.0
89208,0.05,0.0
89228,0.02,0.0
89248,0.05,0.0
89268,0.04,0.0
89287,0.04,0.0
89307,0.05,0.0
89327,0.05,0.0
89347,0.04,0.0
89367,0.03,0.0
89386,0.04,0.0
89406,0.03,0.0
89426,0.03,0.0
89446,0.05,0.0
89466,0.03,0.0
89485,0.04,0.0
89505,0.04,0.0
89525,0.05,0.0
89545,0.05,0.0
89564,0.03,0.0
89584,0.06,0.0
89604,0.07,0.0
89624,0.06,0.0
89644,0.13,0.0
89663,0.02,0.0
89683,0.02,0.0
89703,0.05,0.02
89723,0.09,0.02
89743,0.02,0.01
89762,0.07,0.0
89782,0.06,0.0
89802,0.06,0.0
89822,0.06,0.0
89842,0.09,0.01
89861,0.1,0.0
89881,0.02,0.03
89901,0.01,0.01
89921,0.02,0.01
89941,0.02,0.01
89960,0.02,0.0
89980,0.01,0.01
90000,0.02,0.01
90020,0.02,0.01
90040,0.02,0.0
90059,0.03,0.0
90079,0.02,0.0
90099,0.02,0.0
90119,0.04,0.0
90138,0.06,0.0
90158,0.03,0.0
90178,0.03,0.0
90198,0.01,0.06
90218,0.02,0.02
90237,0.02,0.01
90257,0.03,0.01
90277,0.02,0.0
90297,0.05,0.0
90317,0.1,0.0
90336,0.05,0.0
90356,0.11,0.0
90376,0.03,0.0
90396,0.08,0.0
90416,0.08,0.0
90435,0.08,0.0
90455,0.07,0.0
90475,0.04,0.0
90495,0.04,0.0
90515,0.03,0.0
90534,0.06,0.0
90554,0.07,0.0
90574,0.08,0.0
90594,0.09,0.0
90614,0.1,0.0
90633,0.05,0.0
90653,0.08,0.0
90673,0.08,0.0
90693,0.07,0.0
90712,0.09,0.0
90732,0.07,0.0
90752,0.01,0.0
90772,0.02,0.01
90792,0.02,0.01
90811,0.02,0.01
90831,0.01,0.0
90851,0.02,0.0
90871,0.03,0.0
90891,0.02,0.0
90910,0.03,0.0
90930,0.04,0.0
90950,0.04,0.0
90970,0.05,0.0
90990,0.09,0.0
91009,0.03,0.0
91029,0.02,0.01
91049,0.02,0.01
91069,0.02,0.0
91089,0.06,0.0
91108,0.06,0.0
91128,0.04,0.0
91148,0.02,0.01
91168,0.05,0.06
91188,0.04,0.32
91207,0.0,0.92
91227,0.0,0.96
91247,0.0,0.96
91267,0.0,0.95
91287,0.0,0.96
91306,0.0,0.96
91326,0.01,0.82
91346,0.01,0.59
91366,0.06,0.13
91385,0.04,0.05
91405,0.03,0.14
91425,0.04,0.01
91445,0.02,0.01
91465,0.03,0.13
91484,0.04,0.75
91504,0.03,0.47
91524,0.04,0.18
91544,0.01,0.18
91564,0.04,0.11
91583,0.03,0.22
91603,0.02,0.11
91623,0.02,0.13
91643,0.02,0.06
91663,0.02,0.08
91682,0.02,0.15
91702,0.03,0.11
91722,0.02,0.08
91742,0.04,0.07
91762,0.05,0.02
91781,0.03,0.01
91801,0.04,0.01
91821,0.01,0.03
91841,0.02,0.03
91861,0.02,0.04
91880,0.05,0.01
91900,0.05,0.01
91920,0.03,0.0
91940,0.02,0.0
91959,0.02,0.0
91979,0.05,0.09
91999,0.02,0.78
92019,0.04,0.23
92039,0.0,0.68
92058,0.0,0.8
92078,0.0,0.89
92098,0.0,0.92
92118,0.01,0.59
92138,0.03,0.65
92157,0.02,0.62
92177,0.02,0.29
92197,0.02,0.31
92217,0.03,0.18
92237,0.01,0.39
92256,0.04,0.44
92276,0.03,0.25
92296,0.05,0.32
92316,0.02,0.42
92336,0.02,0.54
92355,0.02,0.14
92375,0.01,0.28
92395,0.02,0.1
92415,0.01,0.21
92435,0.02,0.08
92454,0.01,0.04
92474,0.01,0.06
92494,0.02,0.03
92514,0.02,0.02
92533,0.01,0.05
92553,0.02,0.01
92573,0.02,0.02
92593,0.02,0.02
92613,0.02,0.01
92632,0.01,0.02
92652,0.01,0.01
92672,0.01,0.01
92692,0.04,0.01
92712,0.02,0.01
92731,0.03,0.01
92751,0.02,0.0
92771,0.02,0.0
92791,0.04,0.0
92811,0.03,0.0
92830,0.03,0.0
92850,0.02,0.0
92870,0.03,0.0
92890,0.04,0.0
92910,0.04,0.0
92929,0.03,0.0
92949,0.02,0.0
92969,0.04,0.0
92989,0.03,0.0
93009,0.03,0.01
93028,0.06,0.02
93048,0.01,0.0
93068,0.04,0.0
93088,0.02,0.0
93107,0.02,0.0
93127,0.01,0.0
93147,0.02,0.0
93167,0.01,0.0
93187,0.02,0.0
93206,0.02,0.0
93226,0.01,0.01
93246,0.01,0.0
93266,0.01,0.0
93286,0.01,0.0
93305,0.01,0.0
93325,0.01,0.0
93345,0.01,0.0
93365,0.01,0.0
93385,0.02,0.0
93404,0.04,0.0
93424,0.02,0.0
93444,0.02,0.0
93464,0.03,0.0
93484,0.04,0.0
93503,0.01,0.0
93523,0.03,0.0
93543,0.03,0.0
93563,0.03,0.0
93583,0.06,0.0
93602,0.02,0.0
93622,0.04,0.0
93642,0.04,0.0
93662,0.05,0.0
93681,0.04,0.0
93701,0.05,0.0
93721,0.08,0.0
93741,0.04,0.0
93761,0.05,0.0
93780,0.05,0.0
93800,0.04,0.0
93820,0.06,0.0
93840,0.1,0.0
93860,0.07,0.0
93879,0.07,0.0
93899,0.07,0.0
93919,0.04,0.0
93939,0.09,0.0
93959,0.04,0.0
93978,0.03,0.0
93998,0.06,0.0
94018,0.03,0.01
94038,0.02,0.0
94058,0.02,0.0
94077,0.01,0.0
94097,0.01,0.0
94117,0.02,0.0
94137,0.02,0.0
94157,0.02,0.0
94176,0.02,0.0
94196,0.02,0.0
94216,0.05,0.0
94236,0.02,0.0
94255,0.03,0.0
94275,0.03,0.0
94295,0.04,0.0
94315,0.09,0.0
94335,0.05,0.0
94354,0.05,0.0
94374,0.03,0.0
94394,0.05,0.0
94414,0.04,0.0
94434,0.09,0.0
94453,0.05,0.0
94473,0.06,0.0
94493,0.03,0.0
94513,0.05,0.0
94533,0.03,0.0
94552,0.06,0.0
94572,0.03,0.0
94592,0.05,0.0
94612,0.14,0.0
94632,0.03,0.0
94651,0.06,0.0
94671,0.04,0.0
94691,0.07,0.0
94711,0.05,0.0
94731,0.07,0.0
94750,0.07,0.0
94770,0.08,0.0
94790,0.07,0.0
94810,0.05,0.0
94829,0.08,0.0
94849,0.04,0.0
94869,0.07,0.0
94889,0.11,0.0
94909,0.05,0.0
94928,0.03,0.0
94948,0.06,0.0
94968,0.03,0.0
94988,0.05,0.0
95008,0.05,0.0
95027,0.04,0.0
95047,0.05,0.0
95067,0.07,0.0
95087,0.05,0.0
95107,0.05,0.0
95126,0.04,0.0
95146,0.04,0.0
95166,0.06,0.0
95186,0.04,0.0
95206,0.04,0.0
95225,0.04,0.0
95245,0.09,0.0
95265,0.07,0.0
95285,0.07,0.0
95305,0.04,0.0
95324,0.11,0.0
95344,0.03,0.0
95364,0.05,0.0
95384,0.09,0.0
95403,0.07,0.0
95423,0.11,0.0
95443,0.09,0.0
95463,0.06,0.0
95483,0.07,0.0
95502,0.09,0.0
95522,0.07,0.0
95542,0.05,0.0
95562,0.06,0.0
95582,0.06,0.0
95601,0.17,0.0
95621,0.06,0.0
95641,0.07,0.0
95661,0.06,0.0
95681,0.07,0.0
95700,0.06,0.0
95720,0.12,0.0
95740,0.06,0.0
95760,0.09,0.0
95780,0.11,0.0
95799,0.08,0.0
95819,0.08,0.0
95839,0.12,0.0
95859,0.06,0.0
95879,0.05,0.0
95898,0.07,0.0
95918,0.07,0.0
95938,0.06,0.0
95958,0.05,0.0
95978,0.06,0.0
95997,0.01,0.0
96017,0.05,0.0
96037,0.06,0.0
96057,0.09,0.0
96076,0.06,0.0
96096,0.05,0.0
96116,0.09,0.0
96136,0.06,0.0
96156,0.05,0.0
96175,0.11,0.0
96195,0.08,0.0
96215,0.09,0.0
96235,0.04,0.0
96255,0.05,0.0
96274,0.1,0.0
96294,0.07,0.0
96314,0.07,0.0
96334,0.1,0.0
96354,0.07,0.0
96373,0.1,0.0
96393,0.11,0.0
96413,0.05,0.0
96433,0.12,0.0
96453,0.11,0.0
96472,0.11,0.0
96492,0.11,0.0
96512,0.09,0.0
96532,0.13,0.0
96552,0.05,0.0
96571,0.14,0.0
96591,0.09,0.0
96611,0.13,0.0
96631,0.09,0.0
96650,0.08,0.0
96670,0.07,0.0
96690,0.11,0.0
96710,0.07,0.0
96730,0.08,0.0
96749,0.09,0.0
96769,0.09,0.0
96789,0.14,0.0
96809,0.09,0.0
96829,0.1,0.0
96848,0.06,0.0
96868,0.08,0.0
96888,0.06,0.0
96908,0.08,0.0
96928,0.11,0.0
96947,0.11,0.0
96967,0.12,0.0
96987,0.09,0.0
97007,0.15,0.0
97027,0.06,0.0
97046,0.1,0.0
97066,0.1,0.0
97086,0.11,0.0
97106,0.1,0.0
97126,0.11,0.0
97145,0.1,0.0
97165,0.14,0.0
97185,0.11,0.0
97205,0.05,0.01
97224,0.11,0.01
97244,0.09,0.0
97264,0.09,0.0
97284,0.08,0.0
97304,0.06,0.0
97323,0.06,0.0
97343,0.09,0.0
97363,0.1,0.0
97383,0.09,0.0
97403,0.05,0.0
97422,0.02,0.0
97442,0.01,0.0
97462,0.01,0.01
97482,0.02,0.0
97502,0.01,0.0
97521,0.01,0.0
97541,0.02,0.0
97561,0.01,0.0
97581,0.02,0.0
97601,0.02,0.0
97620,0.01,0.0
97640,0.01,0.0
97660,0.01,0.0
97680,0.02,0.0
97700,0.02,0.0
97719,0.01,0.0
97739,0.01,0.0
97759,0.01,0.0
97779,0.02,0.0
97798,0.02,0.0
97818,0.03,0.0
97838,0.02,0.0
97858,0.03,0.0
97878,0.05,0.0
97897,0.03,0.0
97917,0.03,0.0
97937,0.04,0.0
97957,0.03,0.0
97977,0.01,0.0
97996,0.05,0.0
98016,0.02,0.0
98036,0.04,0.0
98056,0.02,0.0
98076,0.03,0.0
98095,0.03,0.0
98115,0.03,0.0
98135,0.05,0.0
98155,0.03,0.0
98175,0.04,0.0
98194,0.04,0.0
98214,0.04,0.0
98234,0.04,0.0
98254,0.04,0.0
98274,0.05,0.0
98293,0.03,0.0
98313,0.05,0.0
98333,0.05,0.0
98353,0.04,0.0
98372,0.04,0.0
98392,0.05,0.0
98412,0.06,0.0
98432,0.04,0.0
98452,0.07,0.0
98471,0.07,0.0
98491,0.08,0.0
98511,0.04,0.0
98531,0.07,0.0
98551,0.05,0.0
98570,0.04,0.01
98590,0.05,0.0
98610,0.01,0.16
98630,0.01,0.23
98650,0.01,0.54
98669,0.01,0.44
98689,0.02,0.4
98709,0.01,0.46
98729,0.01,0.39
98749,0.02,0.31
98768,0.02,0.32
98788,0.01,0.55
98808,0.01,0.29
98828,0.01,0.44
98848,0.03,0.25
98867,0.01,0.02
98887,0.01,0.07
98907,0.02,0.02
98927,0.02,0.02
98946,0.03,0.0
98966,0.01,0.01
98986,0.04,0.01
99006,0.02,0.01
99026,0.02,0.01
99045,0.02,0.01
99065,0.01,0.02
99085,0.02,0.0
99105,0.02,0.0
99125,0.02,0.0
99144,0.01,0.01
99164,0.02,0.01
99184,0.01,0.0
99204,0.01,0.01
99224,0.03,0.0
99243,0.02,0.0
99263,0.05,0.0
99283,0.02,0.0
99303,0.02,0.0
99323,0.05,0.0
99342,0.03,0.0
99362,0.02,0.0
99382,0.03,0.0
99402,0.03,0.0
99422,0.02,0.0
99441,0.02,0.0
99461,0.01,0.0
99481,0.02,0.0
99501,0.03,0.0
99520,0.02,0.0
99540,0.05,0.0
99560,0.02,0.0
99580,0.03,0.0
99600,0.02,0.0
99619,0.03,0.0
99639,0.04,0.0
99659,0.04,0.0
99679,0.05,0.01
99699,0.01,0.08
99718,0.02,0.14
99738,0.0,0.82
99758,0.0,0.98
99778,0.0,0.99
99798,0.0,1.0
99817,0.0,0.99
99837,0.0,0.97
99857,0.0,0.98
99877,0.01,0.71
99897,0.03,0.24
99916,0.01,0.11
99936,0.01,0.15
99956,0.01,0.08
99976,0.01,0.06
99996,0.01,0.03
100015,0.01,0.01
100035,0.01,0.01
100055,0.01,0.0
100075,0.01,0.01
100095,0.02,0.0
100114,0.02,0.0
100134,0.01,0.0
100154,0.02,0.0
100174,0.02,0.0
100193,0.03,0.0
100213,0.02,0.0
100233,0.03,0.0
100253,0.01,0.0
100273,0.03,0.0
100292,0.02,0.0
100312,0.01,0.0
100332,0.02,0.0
100352,0.03,0.0
100372,0.02,0.0
100391,0.02,0.0
100411,0.02,0.0
100431,0.02,0.0
100451,0.01,0.02
100471,0.03,0.11
100490,0.04,0.26
100510,0.02,0.25
100530,0.08,0.04
100550,0.04,0.04
100570,0.04,0.02
100589,0.02,0.01
100609,0.03,0.01
100629,0.01,0.01
100649,0.03,0.01
100669,0.04,0.01
100688,0.02,0.02
100708,0.03,0.02
100728,0.03,0.02
100748,0.02,0.0
100767,0.03,0.01
100787,0.02,0.01
100807,0.03,0.01
100827,0.03,0.01
100847,0.02,0.01
100866,0.03,0.0
100886,0.02,0.0
100906,0.03,0.0
100926,0.03,0.0
100946,0.04,0.0
100965,0.04,0.0
100985,0.02,0.0
101005,0.03,0.0
101025,0.02,0.0
101045,0.01,0.11
101064,0.02,0.45
101084,0.1,0.11
101104,0.07,0.39
101124,0.04,0.67
101144,0.01,0.65
101163,0.01,0.5
101183,0.0,0.79
101203,0.01,0.4
101223,0.01,0.14
101243,0.02,0.06
101262,0.02,0.04
101282,0.02,0.02
101302,0.01,0.05
101322,0.02,0.04
101341,0.02,0.0
101361,0.02,0.0
101381,0.01,0.0
101401,0.01,0.0
101421,0.03,0.0
101440,0.01,0.0
101460,0.03,0.0
101480,0.02,0.0
101500,0.03,0.0
101520,0.04,0.0
101539,0.01,0.0
101559,0.06,0.0
101579,0.04,0.0
101599,0.05,0.0
101619,0.03,0.0
101638,0.04,0.0
101658,0.03,0.0
101678,0.04,0.0
101698,0.04,0.0
101718,0.03,0.0
101737,0.03,0.0
101757,0.03,0.0
101777,0.05,0.0
101797,0.05,0.0
101817,0.05,0.0
101836,0.06,0.0
101856,0.03,0.0
101876,0.04,0.0
101896,0.05,0.0
101915,0.08,0.0
101935,0.04,0.0
101955,0.06,0.0
101975,0.08,0.0
101995,0.04,0.0
102014,0.05,0.0
102034,0.05,0.0
102054,0.05,0.0
102074,0.02,0.0
102094,0.05,0.0
102113,0.05,0.0
102133,0.11,0.0
102153,0.04,0.0
102173,0.02,0.0
102193,0.04,0.0
102212,0.05,0.0
102232,0.03,0.0
102252,0.04,0.0
102272,0.04,0.0
102292,0.05,0.0
102311,0.04,0.0
102331,0.06,0.0
102351,0.06,0.0
102371,0.04,0.0
102391,0.05,0.0
102410,0.05,0.0
102430,0.07,0.0
102450,0.06,0.0
102470,0.07,0.0
102489,0.05,0.0
102509,0.05,0.0
102529,0.08,0.0
102549,0.06,0.0
102569,0.08,0.0
102588,0.06,0.0
102608,0.08,0.0
102628,0.06,0.0
102648,0.05,0.0
102668,0.09,0.0
102687,0.03,0.0
102707,0.07,0.0
102727,0.04,0.0
102747,0.06,0.0
102767,0.05,0.0
102786,0.07,0.0
102806,0.07,0.0
102826,0.04,0.0
102846,0.03,0.0
102866,0.04,0.0
102885,0.08,0.0
102905,0.05,0.0
102925,0.03,0.0
102945,0.06,0.0
102965,0.06,0.0
102984,0.18,0.0
103004,0.08,0.0
103024,0.08,0.0
103044,0.1,0.0
103063,0.08,0.0
103083,0.07,0.0
103103,0.04,0.0
103123,0.04,0.0
103143,0.04,0.0
103162,0.05,0.0
103182,0.06,0.0
103202,0.04,0.0
103222,0.03,0.0
103242,0.06,0.0
103261,0.08,0.0
103281,0.04,0.0
103301,0.03,0.0
103321,0.05,0.0
103341,0.03,0.0
103360,0.07,0.0
103380,0.05,0.0
103400,0.06,0.0
103420,0.04,0.0
103440,0.05,0.0
103459,0.04,0.0
103479,0.02,0.0
103499,0.01,0.0
103519,0.02,0.0
103539,0.07,0.0
103558,0.04,0.0
103578,0.03,0.0
103598,0.01,0.0
103618,0.01,0.0
103637,0.01,0.0
103657,0.01,0.0
103677,0.03,0.0
103697,0.02,0.0
103717,0.03,0.0
103736,0.02,0.0
103756,0.03,0.0
103776,0.04,0.0
103796,0.04,0.0
103816,0.06,0.0
103835,0.02,0.0
103855,0.04,0.0
103875,0.06,0.0
103895,0.03,0.0
103915,0.06,0.0
103934,0.02,0.0
103954,0.05,0.0
103974,0.03,0.0
103994,0.03,0.0
104014,0.05,0.0
104033,0.03,0.0
104053,0.03,0.0
104073,0.02,0.0
104093,0.06,0.0
104113,0.04,0.0
104132,0.03,0.0
104152,0.05,0.0
104172,0.02,0.0
104192,0.06,0.0
104211,0.04,0.0
104231,0.04,0.0
104251,0.05,0.0
104271,0.04,0.0
104291,0.06,0.0
104310,0.03,0.0
104330,0.03,0.0
104350,0.06,0.0
104370,0.07,0.0
104390,0.04,0.0
104409,0.04,0.0
104429,0.02,0.0
104449,0.01,0.0
104469,0.01,0.0
104489,0.01,0.0
104508,0.02,0.0
104528,0.05,0.0
104548,0.03,0.0
104568,0.02,0.0
104588,0.04,0.0
104607,0.02,0.0
104627,0.05,0.0
104647,0.04,0.0
104667,0.02,0.0
104687,0.05,0.0
104706,0.04,0.0
104726,0.03,0.0
104746,0.03,0.0
104766,0.04,0.0
104786,0.04,0.0
104805,0.03,0.0
104825,0.09,0.0
104845,0.1,0.0
104865,0.05,0.0
104884,0.04,0.0
104904,0.05,0.0
104924,0.08,0.0
104944,0.04,0.0
104964,0.02,0.0
104983,0.04,0.0
105003,0.04,0.0
105023,0.03,0.0
105043,0.05,0.0
105063,0.04,0.0
105082,0.03,0.0
105102,0.02,0.0
105122,0.02,0.0
105142,0.01,0.0
105162,0.02,0.0
105181,0.02,0.0
105201,0.02,0.0
105221,0.03,0.0
105241,0.04,0.0
105261,0.03,0.0
105280,0.03,0.0
105300,0.03,0.0
105320,0.03,0.0
105340,0.03,0.0
105360,0.04,0.0
105379,0.04,0.0
105399,0.05,0.0
105419,0.05,0.0
105439,0.04,0.0
105458,0.05,0.0
105478,0.04,0.0
105498,0.04,0.0
105518,0.06,0.0
105538,0.04,0.0
105557,0.08,0.0
105577,0.04,0.0
105597,0.05,0.0
105617,0.03,0.0
105637,0.05,0.0
105656,0.04,0.0
105676,0.04,0.0
105696,0.05,0.0
105716,0.06,0.0
105736,0.09,0.0
105755,0.01,0.69
105775,0.0,0.94
105795,0.0,0.99
105815,0.0,1.0
105835,0.0,1.0
105854,0.0,0.97
105874,0.0,0.96
105894,0.0,0.97
105914,0.0,0.91
105934,0.0,0.88
105953,0.01,0.8
105973,0.02,0.28
105993,0.0,0.82
106013,0.02,0.29
106032,0.02,0.34
106052,0.02,0.28
106072,0.03,0.22
106092,0.04,0.21
106112,0.02,0.18
106131,0.01,0.32
106151,0.02,0.13
106171,0.02,0.29
106191,0.02,0.11
106211,0.02,0.1
106230,0.02,0.03
106250,0.01,0.07
106270,0.01,0.05
106290,0.01,0.02
106310,0.02,0.06
106329,0.01,0.04
106349,0.01,0.04
106369,0.01,0.02
106389,0.02,0.03
106409,0.01,0.02
106428,0.02,0.02
106448,0.02,0.03
106468,0.01,0.02
106488,0.01,0.04
106508,0.02,0.03
106527,0.01,0.03
106547,0.01,0.04
106567,0.01,0.03
106587,0.01,0.02
106606,0.01,0.01
106626,0.01,0.03
106646,0.01,0.03
106666,0.01,0.02
106686,0.02,0.01
106705,0.01,0.04
106725,0.01,0.01
106745,0.01,0.01
106765,0.02,0.0
106785,0.01,0.01
106804,0.01,0.01
106824,0.02,0.01
106844,0.01,0.01
106864,0.02,0.0
106884,0.01,0.0
106903,0.02,0.0
106923,0.01,0.0
106943,0.01,0.0
106963,0.01,0.0
106983,0.02,0.0
107002,0.03,0.0
107022,0.02,0.0
107042,0.03,0.0
107062,0.02,0.0
107082,0.03,0.01
107101,0.03,0.03
107121,0.02,0.12
107141,0.04,0.09
107161,0.05,0.2
107180,0.02,0.02
107200,0.05,0.01
107220,0.07,0.01
107240,0.03,0.0
107260,0.02,0.0
107279,0.04,0.0
107299,0.05,0.0
107319,0.03,0.01
107339,0.02,0.01
107359,0.02,0.01
107378,0.01,0.02
107398,0.01,0.01
107418,0.01,0.01
107438,0.02,0.01
107458,0.03,0.0
107477,0.02,0.01
107497,0.03,0.0
107517,0.03,0.0
107537,0.08,0.0
107557,0.03,0.0
107576,0.04,0.0
107596,0.02,0.0
107616,0.03,0.0
107636,0.05,0.0
107656,0.03,0.0
107675,0.07,0.0
107695,0.03,0.0
107715,0.07,0.0
107735,0.05,0.0
107754,0.07,0.0
107774,0.05,0.0
107794,0.05,0.0
107814,0.05,0.0
107834,0.03,0.0
107853,0.02,0.01
107873,0.05,0.1
107893,0.02,0.21
107913,0.02,0.11
107933,0.01,0.27
107952,0.02,0.68
107972,0.0,0.96
107992,0.0,0.97
108012,0.02,0.45
108032,0.06,0.36
108051,0.02,0.13
108071,0.05,0.49
108091,0.01,0.01
108111,0.03,0.0
108131,0.01,0.0
108150,0.01,0.0
108170,0.01,0.0
108190,0.01,0.01
108210,0.02,0.01
108230,0.01,0.0
108249,0.03,0.0
108269,0.02,0.01
108289,0.05,0.01
108309,0.06,0.0
108328,0.03,0.0
108348,0.05,0.0
108368,0.02,0.0
108388,0.05,0.0
108408,0.04,0.0
108427,0.05,0.0
108447,0.03,0.0
108467,0.04,0.0
108487,0.03,0.0
108507,0.05,0.0
108526,0.03,0.0
108546,0.06,0.0
108566,0.04,0.0
108586,0.02,0.0
108606,0.04,0.0
108625,0.02,0.0
108645,0.02,0.01
108665,0.03,0.01
108685,0.03,0.01
108705,0.02,0.0
108724,0.02,0.01
108744,0.04,0.01
108764,0.02,0.0
108784,0.04,0.01
108804,0.05,0.0
108823,0.05,0.0
108843,0.02,0.0
108863,0.02,0.01
108883,0.05,0.0
108903,0.03,0.01
108922,0.04,0.0
108942,0.03,0.01
108962,0.02,0.0
108982,0.04,0.0
109001,0.05,0.0
109021,0.04,0.0
109041,0.03,0.01
109061,0.06,0.0
109081,0.03,0.0
109100,0.05,0.0
109120,0.03,0.0
109140,0.06,0.0
109160,0.06,0.0
109180,0.06,0.0
109199,0.06,0.0
109219,0.05,0.0
109239,0.04,0.0
109259,0.04,0.0
109279,0.04,0.0
109298,0.05,0.0
109318,0.06,0.0
109338,0.05,0.0
109358,0.04,0.0
109378,0.05,0.0
109397,0.05,0.0
109417,0.04,0.0
109437,0.06,0.0
109457,0.02,0.0
109477,0.05,0.0
109496,0.06,0.0
109516,0.09,0.0
109536,0.03,0.0
109556,0.04,0.0
109575,0.04,0.0
109595,0.12,0.0
109615,0.05,0.0
109635,0.05,0.0
109655,0.08,0.0
109674,0.04,0.0
109694,0.05,0.0
109714,0.05,0.0
109734,0.05,0.0
109754,0.05,0.0
109773,0.05,0.0
109793,0.05,0.0
109813,0.05,0.0
109833,0.06,0.0
109853,0.12,0.0
109872,0.08,0.0
109892,0.08,0.0
109912,0.05,0.0
109932,0.05,0.0
109952,0.15,0.0
109971,0.06,0.0
109991,0.08,0.0
110011,0.08,0.0
110031,0.09,0.0
110051,0.08,0.0
110070,0.06,0.0
110090,0.07,0.0
110110,0.08,0.0
110130,0.07,0.0
110149,0.08,0.0
110169,0.08,0.0
110189,0.1,0.0
110209,0.09,0.0
110229,0.09,0.0
110248,0.09,0.0
110268,0.08,0.0
110288,0.04,0.0
110308,0.07,0.0
110328,0.06,0.0
110347,0.06,0.0
110367,0.04,0.0
110387,0.05,0.0
110407,0.04,0.0
110427,0.05,0.0
110446,0.06,0.0
110466,0.04,0.0
110486,0.09,0.0
110506,0.04,0.0
110526,0.06,0.0
110545,0.07,0.0
110565,0.05,0.0
110585,0.05,0.0
110605,0.06,0.0
110625,0.07,0.0
110644,0.06,0.0
110664,0.06,0.0
110684,0.05,0.0
110704,0.05,0.0
110723,0.07,0.0
110743,0.05,0.0
110763,0.11,0.0
110783,0.05,0.0
110803,0.07,0.0
110822,0.05,0.0
110842,0.07,0.0
110862,0.08,0.0
110882,0.07,0.0
110902,0.06,0.0
110921,0.1,0.0
110941,0.06,0.0
110961,0.05,0.0
110981,0.06,0.0
111001,0.06,0.0
111020,0.06,0.0
111040,0.09,0.0
111060,0.1,0.0
111080,0.07,0.0
111100,0.09,0.0
111119,0.12,0.0
111139,0.08,0.0
111159,0.1,0.0
111179,0.05,0.0
111199,0.05,0.0
111218,0.06,0.0
111238,0.09,0.0
111258,0.11,0.0
111278,0.13,0.0
111297,0.12,0.0
111317,0.08,0.0
111337,0.09,0.0
111357,0.03,0.0
111377,0.05,0.0
111396,0.07,0.0
111416,0.07,0.01
111436,0.05,0.01
111456,0.05,0.0
111476,0.06,0.0
111495,0.05,0.0
111515,0.11,0.0
111535,0.04,0.0
111555,0.08,0.0
111575,0.03,0.0
111594,0.04,0.0
111614,0.03,0.0
111634,0.04,0.0
111654,0.03,0.0
111674,0.06,0.0
111693,0.07,0.0
111713,0.04,0.0
111733,0.05,0.0
111753,0.04,0.0
111773,0.1,0.0
111792,0.05,0.0
111812,0.04,0.0
111832,0.06,0.0
111852,0.05,0.0
111871,0.04,0.0
111891,0.04,0.0
111911,0.1,0.0
111931,0.04,0.0
111951,0.11,0.0
111970,0.09,0.0
111990,0.06,0.0
112010,0.14,0.0
112030,0.05,0.0
112050,0.04,0.0
112069,0.07,0.0
112089,0.05,0.0
112109,0.04,0.0
112129,0.08,0.0
112149,0.03,0.0
112168,0.05,0.0
112188,0.06,0.0
112208,0.07,0.0
112228,0.07,0.0
112248,0.05,0.0
112267,0.05,0.0
112287,0.03,0.0
112307,0.06,0.0
112327,0.04,0.0
112347,0.08,0.0
112366,0.05,0.0
112386,0.06,0.0
112406,0.11,0.0
112426,0.13,0.0
112445,0.07,0.0
112465,0.07,0.0
112485,0.07,0.0
112505,0.03,0.0
112525,0.06,0.0
112544,0.02,0.0
112564,0.04,0.0
112584,0.04,0.0
112604,0.07,0.0
112624,0.07,0.0
112643,0.07,0.0
112663,0.08,0.0
112683,0.08,0.0
112703,0.02,0.0
112723,0.02,0.0
112742,0.04,0.0
112762,0.02,0.0
112782,0.03,0.0
112802,0.04,0.0
112822,0.03,0.0
112841,0.02,0.0
112861,0.04,0.0
112881,0.06,0.0
112901,0.03,0.0
112921,0.02,0.0
112940,0.04,0.0
112960,0.03,0.0
112980,0.01,0.0
113000,0.03,0.0
113019,0.03,0.0
113039,0.03,0.0
113059,0.04,0.0
113079,0.03,0.0
113099,0.06,0.0
113118,0.04,0.0
113138,0.03,0.0
113158,0.04,0.01
113178,0.08,0.0
113198,0.04,0.0
113217,0.04,0.0
113237,0.07,0.0
113257,0.03,0.0
113277,0.1,0.0
113297,0.03,0.0
113316,0.05,0.0
113336,0.04,0.0
113356,0.06,0.0
113376,0.05,0.0
113396,0.03,0.0
113415,0.04,0.0
113435,0.03,0.0
113455,0.06,0.0
113475,0.04,0.0
113495,0.04,0.01
113514,0.07,0.02
113534,0.04,0.13
113554,0.07,0.22
113574,0.01,0.93
113594,0.01,0.88
113613,0.01,0.83
113633,0.0,0.96
113653,0.0,0.95
113673,0.0,0.99
113692,0.0,0.97
113712,0.0,0.95
113732,0.0,0.95
113752,0.0,0.92
113772,0.03,0.69
113791,0.0,0.95
113811,0.0,0.95
113831,0.0,0.92
113851,0.0,0.93
113871,0.0,0.89
113890,0.0,0.89
113910,0.01,0.78
113930,0.02,0.8
113950,0.01,0.75
113970,0.01,0.66
113989,0.01,0.71
114009,0.01,0.73
114029,0.01,0.8
114049,0.02,0.61
114069,0.03,0.47
114088,0.04,0.47
114108,0.03,0.14
114128,0.03,0.47
114148,0.03,0.19
114168,0.05,0.36
114187,0.03,0.27
114207,0.02,0.43
114227,0.04,0.29
114247,0.05,0.12
114266,0.02,0.14
114286,0.04,0.06
114306,0.04,0.33
114326,0.05,0.07
114346,0.05,0.03
114365,0.04,0.03
114385,0.02,0.03
114405,0.06,0.05
114425,0.05,0.01
114445,0.08,0.01
114464,0.08,0.01
114484,0.09,0.0
114504,0.13,0.0
114524,0.03,0.01
114544,0.03,0.03
114563,0.02,0.01
114583,0.03,0.0
114603,0.15,0.01
114623,0.03,0.0
114643,0.03,0.0
114662,0.04,0.0
114682,0.07,0.0
114702,0.03,0.0
114722,0.05,0.0
114742,0.04,0.0
114761,0.09,0.0
114781,0.07,0.0
114801,0.05,0.0
114821,0.15,0.0
114840,0.14,0.03
114860,0.24,0.04
114880,0.3,0.04
114900,0.34,0.01
114920,0.31,0.01
114939,0.33,0.01
114959,0.13,0.04
114979,0.17,0.05
114999,0.2,0.04
115019,0.09,0.04
115038,0.03,0.0
115058,0.03,0.0
115078,0.02,0.0
115098,0.02,0.0
115118,0.01,0.0
115137,0.03,0.0
115157,0.01,0.0
115177,0.02,0.0
115197,0.01,0.0
115217,0.01,0.0
115236,0.02,0.0
115256,0.04,0.0
115276,0.05,0.0
115296,0.02,0.0
115316,0.02,0.0
115335,0.02,0.0
115355,0.01,0.0
115375,0.02,0.0
115395,0.02,0.0
115414,0.03,0.0
115434,0.02,0.0
115454,0.02,0.0
115474,0.04,0.0
115494,0.02,0.0
115513,0.03,0.0
115533,0.03,0.0
115553,0.04,0.0
115573,0.04,0.0
115593,0.03,0.0
115612,0.05,0.0
115632,0.03,0.0
115652,0.06,0.0
115672,0.04,0.0
115692,0.03,0.0
115711,0.06,0.0
115731,0.08,0.0
115751,0.02,0.0
115771,0.05,0.0
115791,0.06,0.0
115810,0.03,0.0
115830,0.04,0.0
115850,0.03,0.0
115870,0.03,0.0
115890,0.03,0.0
115909,0.03,0.0
115929,0.04,0.0
115949,0.06,0.0
115969,0.05,0.0
115988,0.04,0.0
116008,0.04,0.0
116028,0.05,0.0
116048,0.04,0.0
116068,0.04,0.0
116087,0.05,0.0
116107,0.04,0.0
116127,0.03,0.0
116147,0.07,0.0
116167,0.04,0.0
116186,0.05,0.0
116206,0.07,0.0
116226,0.05,0.0
116246,0.03,0.0
116266,0.04,0.0
116285,0.08,0.0
116305,0.06,0.0
116325,0.03,0.0
116345,0.03,0.0
116365,0.07,0.0
116384,0.08,0.0
116404,0.05,0.0
116424,0.05,0.01
116444,0.04,0.0
116464,0.07,0.0
116483,0.03,0.0
116503,0.05,0.0
116523,0.02,0.0
116543,0.06,0.01
116562,0.08,0.0
116582,0.07,0.0
116602,0.05,0.01
116622,0.02,0.01
116642,0.04,0.01
116661,0.01,0.01
116681,0.05,0.02
116701,0.04,0.08
116721,0.03,0.04
116741,0.03,0.04
116760,0.04,0.05
116780,0.05,0.04
116800,0.04,0.01
116820,0.05,0.01
116840,0.04,0.02
116859,0.03,0.01
116879,0.05,0.08
116899,0.04,0.04
116919,0.06,0.69
116939,0.04,0.27
116958,0.02,0.35
116978,0.01,0.74
116998,0.02,0.26
117018,0.02,0.42
117038,0.03,0.39
117057,0.03,0.34
117077,0.01,0.61
117097,0.02,0.26
117117,0.01,0.62
117136,0.02,0.31
117156,0.02,0.3
117176,0.02,0.3
117196,0.02,0.47
117216,0.03,0.35
117235,0.16,0.06
117255,0.13,0.03
117275,0.2,0.04
117295,0.14,0.01
117315,0.09,0.08
117334,0.16,0.03
117354,0.13,0.07
117374,0.13,0.04
117394,0.1,0.06
117414,0.07,0.03
117433,0.09,0.09
117453,0.07,0.05
117473,0.06,0.03
117493,0.12,0.03
117513,0.08,0.02
117532,0.03,0.11
117552,0.02,0.05
117572,0.03,0.02
117592,0.05,0.02
117612,0.08,0.01
117631,0.03,0.05
117651,0.05,0.05
117671,0.05,0.01
117691,0.17,0.02
117710,0.13,0.01
117730,0.1,0.01
117750,0.06,0.0
117770,0.04,0.05
117790,0.1,0.01
117809,0.06,0.01
117829,0.09,0.0
117849,0.04,0.0
117869,0.05,0.01
117889,0.07,0.0
117908,0.03,0.0
117928,0.03,0.01
117948,0.06,0.0
117968,0.09,0.0
117988,0.07,0.0
118007,0.04,0.01
118027,0.03,0.0
118047,0.05,0.01
118067,0.05,0.01
118087,0.08,0.0
118106,0.03,0.0
118126,0.05,0.01
118146,0.07,0.01
118166,0.04,0.01
118186,0.05,0.01
118205,0.06,0.01
118225,0.03,0.01
118245,0.06,0.01
118265,0.03,0.01
118285,0.15,0.0
118304,0.1,0.0
118324,0.11,0.01
118344,0.17,0.0
118364,0.09,0.0
118383,0.07,0.01
118403,0.07,0.0
118423,0.12,0.0
118443,0.04,0.0
118463,0.05,0.01
118482,0.06,0.0
118502,0.06,0.01
118522,0.08,0.0
118542,0.11,0.0
118562,0.1,0.0
118581,0.08,0.0
118601,0.09,0.0
118621,0.1,0.0
118641,0.21,0.0
118661,0.09,0.0
118680,0.12,0.01
118700,0.13,0.01
118720,0.1,0.01
118740,0.1,0.0
118760,0.1,0.01
118779,0.18,0.0
118799,0.11,0.0
118819,0.1,0.02
118839,0.07,0.01
118859,0.04,0.01
118878,0.14,0.01
118898,0.04,0.01
118918,0.03,0.02
118938,0.05,0.0
118957,0.06,0.0
118977,0.11,0.0
118997,0.08,0.0
119017,0.08,0.0
119037,0.12,0.0
119056,0.08,0.0
119076,0.07,0.0
119096,0.07,0.0
119116,0.1,0.0
119136,0.2,0.0
119155,0.15,0.0
119175,0.13,0.0
119195,0.14,0.0
119215,0.19,0.0
119235,0.22,0.01
119254,0.12,0.01
119274,0.16,0.01
119294,0.18,0.03
119314,0.22,0.01
119334,0.12,0.01
119353,0.17,0.01
119373,0.14,0.01
119393,0.19,0.03
119413,0.16,0.01
119433,0.09,0.01
119452,0.12,0.01
119472,0.2,0.01
119492,0.13,0.01
119512,0.27,0.0
119531,0.1,0.01
119551,0.17,0.0
119571,0.1,0.0
119591,0.11,0.0
119611,0.12,0.01
119630,0.11,0.0
119650,0.06,0.0
119670,0.12,0.02
119690,0.12,0.0
119710,0.15,0.0
119729,0.12,0.03
119749,0.14,0.0
119769,0.21,0.01
119789,0.14,0.01
119809,0.26,0.01
119828,0.21,0.0
119848,0.17,0.0
119868,0.13,0.0
119888,0.13,0.0
119908,0.11,0.0
119927,0.08,0.01
119947,0.15,0.01
119967,0.09,0.02
119987,0.09,0.01
120007,0.05,0.02
120026,0.06,0.0
120046,0.06,0.01
120066,0.08,0.0
120086,0.04,0.01
120105,0.07,0.05
120125,0.06,0.01
120145,0.07,0.01
120165,0.06,0.0
120185,0.06,0.01
120204,0.21,0.0
120224,0.19,0.04
120244,0.17,0.11
120264,0.31,0.06
120284,0.32,0.05
120303,0.03,0.0
120323,0.01,0.01
120343,0.07,0.02
120363,0.13,0.01
120383,0.12,0.01
120402,0.16,0.01
120422,0.1,0.02
120442,0.06,0.02
120462,0.15,0.01
120482,0.08,0.08
120501,0.1,0.04
120521,0.05,0.09
120541,0.11,0.01
120561,0.11,0.07
120581,0.08,0.06
120600,0.13,0.06
120620,0.09,0.08
120640,0.15,0.05
120660,0.1,0.05
120679,0.13,0.05
120699,0.12,0.09
120719,0.08,0.09
120739,0.12,0.04
120759,0.08,0.04
120778,0.09,0.03
120798,0.1,0.03
120818,0.07,0.05
120838,0.09,0.05
120858,0.16,0.03
120877,0.12,0.05
120897,0.07,0.06
120917,0.05,0.33
120937,0.13,0.01
120957,0.1,0.01
120976,0.09,0.01
120996,0.07,0.09
121016,0.06,0.04
121036,0.05,0.04
121056,0.03,0.03
121075,0.05,0.03
121095,0.05,0.04
121115,0.04,0.02
121135,0.04,0.02
121155,0.04,0.01
121174,0.04,0.01
121194,0.06,0.01
121214,0.06,0.02
121234,0.08,0.0
121253,0.06,0.01
121273,0.05,0.01
121293,0.05,0.01
121313,0.04,0.01
121333,0.06,0.01
121352,0.12,0.02
121372,0.11,0.03
121392,0.04,0.07
121412,0.07,0.07
121432,0.05,0.22
121451,0.05,0.08
121471,0.06,0.11
121491,0.05,0.08
121511,0.06,0.16
121531,0.05,0.16
121550,0.08,0.09
121570,0.04,0.04
121590,0.04,0.05
121610,0.03,0.01
121630,0.06,0.07
121649,0.08,0.44
121669,0.06,0.55
121689,0.02,0.88
121709,0.05,0.14
121729,0.04,0.08
121748,0.03,0.17
121768,0.04,0.05
121788,0.04,0.11
121808,0.11,0.05
121827,0.07,0.09
121847,0.11,0.03
121867,0.07,0.02
121887,0.07,0.06
121907,0.07,0.03
121926,0.07,0.06
121946,0.09,0.02
121966,0.07,0.01
121986,0.08,0.02
122006,0.07,0.01
122025,0.09,0.03
122045,0.07,0.01
122065,0.06,0.01
122085,0.06,0.01
122105,0.07,0.01
122124,0.07,0.01
122144,0.08,0.01
122164,0.1,0.01
122184,0.1,0.01
122204,0.09,0.01
122223,0.11,0.01
122243,0.07,0.0
122263,0.08,0.01
122283,0.07,0.01
122303,0.07,0.01
122322,0.14,0.0
122342,0.08,0.01
122362,0.17,0.11
122382,0.03,0.31
122402,0.02,0.0
122421,0.04,0.0
122441,0.04,0.01
122461,0.05,0.01
122481,0.03,0.01
122500,0.02,0.0
122520,0.04,0.0
122540,0.05,0.0
122560,0.06,0.0
122580,0.03,0.0
122599,0.07,0.0
122619,0.06,0.0
122639,0.07,0.0
122659,0.07,0.0
122679,0.06,0.07
122698,0.03,0.16
122718,0.04,0.02
122738,0.04,0.06
122758,0.04,0.03
122778,0.03,0.05
122797,0.07,0.13
122817,0.04,0.29
122837,0.03,0.22
122857,0.05,0.16
122877,0.04,0.03
122896,0.04,0.06
122916,0.04,0.02
122936,0.06,0.03
122956,0.04,0.02
122976,0.04,0.02
122995,0.03,0.01
123015,0.08,0.01
123035,0.06,0.01
123055,0.05,0.0
123074,0.03,0.0
123094,0.14,0.0
123114,0.16,0.01
123134,0.08,0.01
123154,0.28,0.02
123173,0.04,0.0
123193,0.03,0.69
123213,0.01,0.91
123233,0.0,1.0
123253,0.0,0.99
123272,0.0,1.0
123292,0.0,1.0
123312,0.0,0.99
123332,0.0,0.99
123352,0.0,0.98
123371,0.01,0.95
123391,0.01,0.67
123411,0.05,0.07
123431,0.02,0.07
123451,0.03,0.02
123470,0.01,0.09
123490,0.02,0.04
123510,0.01,0.04
123530,0.02,0.08
123550,0.03,0.07
123569,0.01,0.05
123589,0.02,0.03
123609,0.01,0.06
123629,0.01,0.01
123648,0.01,0.09
123668,0.04,0.03
123688,0.03,0.04
123708,0.01,0.09
123728,0.02,0.03
123747,0.03,0.07
123767,0.05,0.02
123787,0.04,0.01
123807,0.06,0.04
123827,0.04,0.01
123846,0.04,0.01
123866,0.04,0.0
123886,0.04,0.01
123906,0.03,0.01
123926,0.05,0.01
123945,0.05,0.01
123965,0.02,0.01
123985,0.05,0.01
124005,0.04,0.01
124025,0.05,0.0
124044,0.04,0.01
124064,0.05,0.0
124084,0.09,0.0
124104,0.06,0.0
124124,0.04,0.01
124143,0.05,0.0
124163,0.06,0.01
124183,0.07,0.0
124203,0.08,0.0
124222,0.08,0.0
124242,0.06,0.0
124262,0.04,0.01
124282,0.08,0.01
124302,0.19,0.01
124321,0.13,0.01
124341,0.04,0.04
124361,0.05,0.09
124381,0.16,0.07
124401,0.16,0.17
124420,0.38,0.16
124440,0.13,0.45
124460,0.09,0.24
